iter,weights,bounds,results,regret
1,"{'makespan': 1, 'workstations': 1, 'employees': 1, 'robots': 1, 'employee_time': 1}",,"{'makespan': 1.0166666666666666, 'workstations': 3, 'employees': 1, 'robots': 0, 'employee_time': 1.0}",2.6925679587875964
1,"{'makespan': 1, 'workstations': 1, 'employees': 1, 'robots': 1, 'employee_time': 1}","{'makespan': None, 'workstations': None, 'employees': None, 'robots': 5e-06, 'employee_time': 0.9528938888888889}","{'makespan': 1.0166666666666666, 'workstations': 3, 'employees': 1, 'robots': 0, 'employee_time': 1.0}",2.6925679587875964
1,"{'makespan': 1, 'workstations': 1, 'employees': 1, 'robots': 1, 'employee_time': 2}","{'makespan': None, 'workstations': None, 'employees': None, 'robots': 5e-06, 'employee_time': 0.9528938888888889}","{'makespan': 1.15, 'workstations': 4, 'employees': 1, 'robots': 0, 'employee_time': 0.15555555555555556}",0.09015734825460389
2,"{'makespan': 1, 'workstations': 1, 'employees': 1, 'robots': 1, 'employee_time': 2}","{'makespan': 1.1111716666666667, 'workstations': None, 'employees': None, 'robots': None, 'employee_time': 0.15067166666666668}","{'makespan': 1.15, 'workstations': 4, 'employees': 1, 'robots': 0, 'employee_time': 0.15555555555555556}",0.09015734825460389
2,"{'makespan': 2, 'workstations': 1, 'employees': 1, 'robots': 1, 'employee_time': 4}","{'makespan': 1.1111716666666667, 'workstations': None, 'employees': None, 'robots': None, 'employee_time': 0.15067166666666668}","{'makespan': 0.53, 'workstations': 5, 'employees': 1, 'robots': 0, 'employee_time': 0.1622222222222222}",0.14806144934283116
2,"{'makespan': 2, 'workstations': 1, 'employees': 1, 'robots': 1, 'employee_time': 8}","{'makespan': 1.1111716666666667, 'workstations': None, 'employees': None, 'robots': None, 'employee_time': 0.15067166666666668}","{'makespan': 0.53, 'workstations': 5, 'employees': 1, 'robots': 0, 'employee_time': 0.1622222222222222}",0.14806144934283116
2,"{'makespan': 2, 'workstations': 1, 'employees': 1, 'robots': 1, 'employee_time': 16}","{'makespan': 1.1111716666666667, 'workstations': None, 'employees': None, 'robots': None, 'employee_time': 0.15067166666666668}","{'makespan': 0.53, 'workstations': 5, 'employees': 1, 'robots': 0, 'employee_time': 0.1622222222222222}",0.14806144934283116
2,"{'makespan': 2, 'workstations': 1, 'employees': 1, 'robots': 1, 'employee_time': 32}","{'makespan': 1.1111716666666667, 'workstations': None, 'employees': None, 'robots': None, 'employee_time': 0.15067166666666668}","{'makespan': 1.3677777777777778, 'workstations': 5, 'employees': 1, 'robots': 1, 'employee_time': 0.057777777777777775}",6.287569617256214
2,"{'makespan': 4, 'workstations': 1, 'employees': 1, 'robots': 1, 'employee_time': 32}","{'makespan': 1.1111716666666667, 'workstations': None, 'employees': None, 'robots': None, 'employee_time': 0.15067166666666668}","{'makespan': 0.5344444444444444, 'workstations': 5, 'employees': 1, 'robots': 1, 'employee_time': 0.1288888888888889}",6.435844513097043
3,"{'makespan': 4, 'workstations': 1, 'employees': 1, 'robots': 1, 'employee_time': 32}","{'makespan': None, 'workstations': None, 'employees': None, 'robots': 0.950005, 'employee_time': 0.12533833333333333}","{'makespan': 0.5344444444444444, 'workstations': 5, 'employees': 1, 'robots': 1, 'employee_time': 0.1288888888888889}",6.435844513097043
3,"{'makespan': 4, 'workstations': 1, 'employees': 1, 'robots': 2, 'employee_time': 64}","{'makespan': None, 'workstations': None, 'employees': None, 'robots': 0.950005, 'employee_time': 0.12533833333333333}","{'makespan': 0.7788888888888889, 'workstations': 7, 'employees': 1, 'robots': 1, 'employee_time': 0.057777777777777775}",6.423108143485711
3,"{'makespan': 4, 'workstations': 1, 'employees': 1, 'robots': 4, 'employee_time': 64}","{'makespan': None, 'workstations': None, 'employees': None, 'robots': 0.950005, 'employee_time': 0.12533833333333333}","{'makespan': 0.7922222222222223, 'workstations': 7, 'employees': 1, 'robots': 0, 'employee_time': 0.09111111111111111}",0.13703265171549225
4,"{'makespan': 4, 'workstations': 1, 'employees': 1, 'robots': 4, 'employee_time': 64}","{'makespan': None, 'workstations': 6.800005, 'employees': None, 'robots': None, 'employee_time': 0.08944944444444444}","{'makespan': 0.7922222222222223, 'workstations': 7, 'employees': 1, 'robots': 0, 'employee_time': 0.09111111111111111}",0.13703265171549225
4,"{'makespan': 4, 'workstations': 2, 'employees': 1, 'robots': 4, 'employee_time': 128}","{'makespan': None, 'workstations': 6.800005, 'employees': None, 'robots': None, 'employee_time': 0.08944944444444444}","{'makespan': 1.3677777777777778, 'workstations': 5, 'employees': 1, 'robots': 1, 'employee_time': 0.057777777777777775}",6.287569617256214
5,"{'makespan': 4, 'workstations': 2, 'employees': 1, 'robots': 4, 'employee_time': 128}","{'makespan': None, 'workstations': 4.900005, 'employees': None, 'robots': 0.950005, 'employee_time': 0.05778277777777777}","{'makespan': 1.3677777777777778, 'workstations': 5, 'employees': 1, 'robots': 1, 'employee_time': 0.057777777777777775}",6.287569617256214
5,"{'makespan': 4, 'workstations': 4, 'employees': 1, 'robots': 8, 'employee_time': 128}","{'makespan': None, 'workstations': 4.900005, 'employees': None, 'robots': 0.950005, 'employee_time': 0.05778277777777777}","{'makespan': 1.3655555555555556, 'workstations': 5, 'employees': 1, 'robots': 0, 'employee_time': 0.09111111111111111}",0.0
5,"{'makespan': 4, 'workstations': 8, 'employees': 1, 'robots': 8, 'employee_time': 256}","{'makespan': None, 'workstations': 4.900005, 'employees': None, 'robots': 0.950005, 'employee_time': 0.05778277777777777}","{'makespan': 1.3677777777777778, 'workstations': 5, 'employees': 1, 'robots': 1, 'employee_time': 0.057777777777777775}",6.287569617256214
5,"{'makespan': 4, 'workstations': 16, 'employees': 1, 'robots': 16, 'employee_time': 256}","{'makespan': None, 'workstations': 4.900005, 'employees': None, 'robots': 0.950005, 'employee_time': 0.05778277777777777}","{'makespan': 1.15, 'workstations': 4, 'employees': 1, 'robots': 0, 'employee_time': 0.15555555555555556}",0.09015734825460389
5,"{'makespan': 4, 'workstations': 16, 'employees': 1, 'robots': 16, 'employee_time': 512}","{'makespan': None, 'workstations': 4.900005, 'employees': None, 'robots': 0.950005, 'employee_time': 0.05778277777777777}","{'makespan': 1.3677777777777778, 'workstations': 5, 'employees': 1, 'robots': 1, 'employee_time': 0.057777777777777775}",6.287569617256214
5,"{'makespan': 4, 'workstations': 32, 'employees': 1, 'robots': 32, 'employee_time': 512}","{'makespan': None, 'workstations': 4.900005, 'employees': None, 'robots': 0.950005, 'employee_time': 0.05778277777777777}","{'makespan': 1.3655555555555556, 'workstations': 5, 'employees': 1, 'robots': 0, 'employee_time': 0.09111111111111111}",0.0
5,"{'makespan': 4, 'workstations': 64, 'employees': 1, 'robots': 32, 'employee_time': 1024}","{'makespan': None, 'workstations': 4.900005, 'employees': None, 'robots': 0.950005, 'employee_time': 0.05778277777777777}","{'makespan': 1.3677777777777778, 'workstations': 5, 'employees': 1, 'robots': 1, 'employee_time': 0.057777777777777775}",6.287569617256214
5,"{'makespan': 4, 'workstations': 128, 'employees': 1, 'robots': 64, 'employee_time': 1024}","{'makespan': None, 'workstations': 4.900005, 'employees': None, 'robots': 0.950005, 'employee_time': 0.05778277777777777}","{'makespan': 1.15, 'workstations': 4, 'employees': 1, 'robots': 0, 'employee_time': 0.15555555555555556}",0.09015734825460389
5,"{'makespan': 4, 'workstations': 128, 'employees': 1, 'robots': 64, 'employee_time': 2048}","{'makespan': None, 'workstations': 4.900005, 'employees': None, 'robots': 0.950005, 'employee_time': 0.05778277777777777}","{'makespan': 1.3677777777777778, 'workstations': 5, 'employees': 1, 'robots': 1, 'employee_time': 0.057777777777777775}",6.287569617256214
5,"{'makespan': 4, 'workstations': 256, 'employees': 1, 'robots': 128, 'employee_time': 2048}","{'makespan': None, 'workstations': 4.900005, 'employees': None, 'robots': 0.950005, 'employee_time': 0.05778277777777777}","{'makespan': 1.15, 'workstations': 4, 'employees': 1, 'robots': 0, 'employee_time': 0.15555555555555556}",0.09015734825460389
5,"{'makespan': 4, 'workstations': 256, 'employees': 1, 'robots': 128, 'employee_time': 4096}","{'makespan': None, 'workstations': 4.900005, 'employees': None, 'robots': 0.950005, 'employee_time': 0.05778277777777777}","{'makespan': 1.3677777777777778, 'workstations': 5, 'employees': 1, 'robots': 1, 'employee_time': 0.057777777777777775}",6.287569617256214
5,"{'makespan': 4, 'workstations': 512, 'employees': 1, 'robots': 256, 'employee_time': 4096}","{'makespan': None, 'workstations': 4.900005, 'employees': None, 'robots': 0.950005, 'employee_time': 0.05778277777777777}","{'makespan': 1.15, 'workstations': 4, 'employees': 1, 'robots': 0, 'employee_time': 0.15555555555555556}",0.09015734825460389
5,"{'makespan': 4, 'workstations': 512, 'employees': 1, 'robots': 256, 'employee_time': 8192}","{'makespan': None, 'workstations': 4.900005, 'employees': None, 'robots': 0.950005, 'employee_time': 0.05778277777777777}","{'makespan': 1.3677777777777778, 'workstations': 5, 'employees': 1, 'robots': 1, 'employee_time': 0.057777777777777775}",6.287569617256214
5,"{'makespan': 4, 'workstations': 1024, 'employees': 1, 'robots': 512, 'employee_time': 8192}","{'makespan': None, 'workstations': 4.900005, 'employees': None, 'robots': 0.950005, 'employee_time': 0.05778277777777777}","{'makespan': 1.15, 'workstations': 4, 'employees': 1, 'robots': 0, 'employee_time': 0.15555555555555556}",0.09015734825460389
5,"{'makespan': 4, 'workstations': 1024, 'employees': 1, 'robots': 512, 'employee_time': 16384}","{'makespan': None, 'workstations': 4.900005, 'employees': None, 'robots': 0.950005, 'employee_time': 0.05778277777777777}","{'makespan': 1.3677777777777778, 'workstations': 5, 'employees': 1, 'robots': 1, 'employee_time': 0.057777777777777775}",6.287569617256214
5,"{'makespan': 4, 'workstations': 2048, 'employees': 1, 'robots': 1024, 'employee_time': 16384}","{'makespan': None, 'workstations': 4.900005, 'employees': None, 'robots': 0.950005, 'employee_time': 0.05778277777777777}","{'makespan': 1.15, 'workstations': 4, 'employees': 1, 'robots': 0, 'employee_time': 0.15555555555555556}",0.09015734825460389
5,"{'makespan': 4, 'workstations': 2048, 'employees': 1, 'robots': 1024, 'employee_time': 32768}","{'makespan': None, 'workstations': 4.900005, 'employees': None, 'robots': 0.950005, 'employee_time': 0.05778277777777777}","{'makespan': 1.3677777777777778, 'workstations': 5, 'employees': 1, 'robots': 1, 'employee_time': 0.057777777777777775}",6.287569617256214
5,"{'makespan': 4, 'workstations': 4096, 'employees': 1, 'robots': 2048, 'employee_time': 32768}","{'makespan': None, 'workstations': 4.900005, 'employees': None, 'robots': 0.950005, 'employee_time': 0.05778277777777777}","{'makespan': 1.15, 'workstations': 4, 'employees': 1, 'robots': 0, 'employee_time': 0.15555555555555556}",0.09015734825460389
5,"{'makespan': 4, 'workstations': 4096, 'employees': 1, 'robots': 2048, 'employee_time': 65536}","{'makespan': None, 'workstations': 4.900005, 'employees': None, 'robots': 0.950005, 'employee_time': 0.05778277777777777}","{'makespan': 1.3677777777777778, 'workstations': 5, 'employees': 1, 'robots': 1, 'employee_time': 0.057777777777777775}",6.287569617256214
5,"{'makespan': 4, 'workstations': 8192, 'employees': 1, 'robots': 4096, 'employee_time': 65536}","{'makespan': None, 'workstations': 4.900005, 'employees': None, 'robots': 0.950005, 'employee_time': 0.05778277777777777}","{'makespan': 1.15, 'workstations': 4, 'employees': 1, 'robots': 0, 'employee_time': 0.15555555555555556}",0.09015734825460389
5,"{'makespan': 4, 'workstations': 8192, 'employees': 1, 'robots': 4096, 'employee_time': 131072}","{'makespan': None, 'workstations': 4.900005, 'employees': None, 'robots': 0.950005, 'employee_time': 0.05778277777777777}","{'makespan': 1.3677777777777778, 'workstations': 5, 'employees': 1, 'robots': 1, 'employee_time': 0.057777777777777775}",6.287569617256214
6,"{'makespan': 4, 'workstations': 2, 'employees': 1, 'robots': 4, 'employee_time': 128}","{'makespan': 1.3180605555555556, 'workstations': None, 'employees': None, 'robots': 0.950005, 'employee_time': None}","{'makespan': 1.3677777777777778, 'workstations': 5, 'employees': 1, 'robots': 1, 'employee_time': 0.057777777777777775}",6.287569617256214
6,"{'makespan': 8, 'workstations': 2, 'employees': 1, 'robots': 8, 'employee_time': 128}","{'makespan': 1.3180605555555556, 'workstations': None, 'employees': None, 'robots': 0.950005, 'employee_time': None}","{'makespan': 0.7922222222222223, 'workstations': 7, 'employees': 1, 'robots': 0, 'employee_time': 0.09111111111111111}",0.13703265171549225
7,"{'makespan': 8, 'workstations': 2, 'employees': 1, 'robots': 8, 'employee_time': 128}","{'makespan': None, 'workstations': 6.800005, 'employees': None, 'robots': None, 'employee_time': None}","{'makespan': 0.7922222222222223, 'workstations': 7, 'employees': 1, 'robots': 0, 'employee_time': 0.09111111111111111}",0.13703265171549225
7,"{'makespan': 8, 'workstations': 4, 'employees': 1, 'robots': 8, 'employee_time': 128}","{'makespan': None, 'workstations': 6.800005, 'employees': None, 'robots': None, 'employee_time': None}","{'makespan': 1.3655555555555556, 'workstations': 5, 'employees': 1, 'robots': 0, 'employee_time': 0.09111111111111111}",0.0
8,"{'makespan': 8, 'workstations': 4, 'employees': 1, 'robots': 8, 'employee_time': 128}","{'makespan': None, 'workstations': 4.900005, 'employees': None, 'robots': None, 'employee_time': None}","{'makespan': 1.3655555555555556, 'workstations': 5, 'employees': 1, 'robots': 0, 'employee_time': 0.09111111111111111}",0.0
8,"{'makespan': 8, 'workstations': 8, 'employees': 1, 'robots': 8, 'employee_time': 128}","{'makespan': None, 'workstations': 4.900005, 'employees': None, 'robots': None, 'employee_time': None}","{'makespan': 1.15, 'workstations': 4, 'employees': 1, 'robots': 0, 'employee_time': 0.15555555555555556}",0.09015734825460389
9,"{'makespan': 8, 'workstations': 8, 'employees': 1, 'robots': 8, 'employee_time': 128}","{'makespan': None, 'workstations': None, 'employees': 1.000005, 'robots': None, 'employee_time': 0.15067166666666668}","{'makespan': 1.15, 'workstations': 4, 'employees': 1, 'robots': 0, 'employee_time': 0.15555555555555556}",0.09015734825460389
9,"{'makespan': 8, 'workstations': 8, 'employees': 1, 'robots': 8, 'employee_time': 256}","{'makespan': None, 'workstations': None, 'employees': 1.000005, 'robots': None, 'employee_time': 0.15067166666666668}","{'makespan': 1.3677777777777778, 'workstations': 5, 'employees': 1, 'robots': 1, 'employee_time': 0.057777777777777775}",6.287569617256214
10,"{'makespan': 8, 'workstations': 8, 'employees': 1, 'robots': 8, 'employee_time': 256}","{'makespan': 1.3180605555555556, 'workstations': None, 'employees': None, 'robots': 0.950005, 'employee_time': None}","{'makespan': 1.3677777777777778, 'workstations': 5, 'employees': 1, 'robots': 1, 'employee_time': 0.057777777777777775}",6.287569617256214
10,"{'makespan': 16, 'workstations': 8, 'employees': 1, 'robots': 16, 'employee_time': 256}","{'makespan': 1.3180605555555556, 'workstations': None, 'employees': None, 'robots': 0.950005, 'employee_time': None}","{'makespan': 1.3655555555555556, 'workstations': 5, 'employees': 1, 'robots': 0, 'employee_time': 0.09111111111111111}",0.0
10,"{'makespan': 32, 'workstations': 8, 'employees': 1, 'robots': 16, 'employee_time': 256}","{'makespan': 1.3180605555555556, 'workstations': None, 'employees': None, 'robots': 0.950005, 'employee_time': None}","{'makespan': 0.53, 'workstations': 5, 'employees': 1, 'robots': 0, 'employee_time': 0.1622222222222222}",0.14806144934283116
11,"{'makespan': 32, 'workstations': 8, 'employees': 1, 'robots': 16, 'employee_time': 256}","{'makespan': None, 'workstations': None, 'employees': None, 'robots': None, 'employee_time': 0.15700499999999998}","{'makespan': 0.53, 'workstations': 5, 'employees': 1, 'robots': 0, 'employee_time': 0.1622222222222222}",0.14806144934283116
11,"{'makespan': 32, 'workstations': 8, 'employees': 1, 'robots': 16, 'employee_time': 512}","{'makespan': None, 'workstations': None, 'employees': None, 'robots': None, 'employee_time': 0.15700499999999998}","{'makespan': 0.7788888888888889, 'workstations': 7, 'employees': 1, 'robots': 1, 'employee_time': 0.057777777777777775}",6.423108143485711
12,"{'makespan': 32, 'workstations': 8, 'employees': 1, 'robots': 16, 'employee_time': 512}","{'makespan': None, 'workstations': None, 'employees': None, 'robots': 0.950005, 'employee_time': None}","{'makespan': 0.7788888888888889, 'workstations': 7, 'employees': 1, 'robots': 1, 'employee_time': 0.057777777777777775}",6.423108143485711
12,"{'makespan': 32, 'workstations': 8, 'employees': 1, 'robots': 32, 'employee_time': 512}","{'makespan': None, 'workstations': None, 'employees': None, 'robots': 0.950005, 'employee_time': None}","{'makespan': 0.7922222222222223, 'workstations': 7, 'employees': 1, 'robots': 0, 'employee_time': 0.09111111111111111}",0.13703265171549225
13,"{'makespan': 32, 'workstations': 8, 'employees': 1, 'robots': 32, 'employee_time': 512}","{'makespan': None, 'workstations': None, 'employees': None, 'robots': None, 'employee_time': None}","{'makespan': 0.7922222222222223, 'workstations': 7, 'employees': 1, 'robots': 0, 'employee_time': 0.09111111111111111}",0.13703265171549225
14,"{'makespan': 32, 'workstations': 8, 'employees': 1, 'robots': 32, 'employee_time': 512}","{'makespan': None, 'workstations': 6.800005, 'employees': None, 'robots': None, 'employee_time': None}","{'makespan': 0.7922222222222223, 'workstations': 7, 'employees': 1, 'robots': 0, 'employee_time': 0.09111111111111111}",0.13703265171549225
14,"{'makespan': 32, 'workstations': 16, 'employees': 1, 'robots': 32, 'employee_time': 512}","{'makespan': None, 'workstations': 6.800005, 'employees': None, 'robots': None, 'employee_time': None}","{'makespan': 1.3655555555555556, 'workstations': 5, 'employees': 1, 'robots': 0, 'employee_time': 0.09111111111111111}",0.0
15,"{'makespan': 32, 'workstations': 16, 'employees': 1, 'robots': 32, 'employee_time': 512}","{'makespan': None, 'workstations': None, 'employees': None, 'robots': None, 'employee_time': None}","{'makespan': 1.3655555555555556, 'workstations': 5, 'employees': 1, 'robots': 0, 'employee_time': 0.09111111111111111}",0.0
16,"{'makespan': 32, 'workstations': 16, 'employees': 1, 'robots': 32, 'employee_time': 512}","{'makespan': None, 'workstations': 4.900005, 'employees': None, 'robots': None, 'employee_time': None}","{'makespan': 1.3655555555555556, 'workstations': 5, 'employees': 1, 'robots': 0, 'employee_time': 0.09111111111111111}",0.0
16,"{'makespan': 32, 'workstations': 32, 'employees': 1, 'robots': 32, 'employee_time': 512}","{'makespan': None, 'workstations': 4.900005, 'employees': None, 'robots': None, 'employee_time': None}","{'makespan': 1.15, 'workstations': 4, 'employees': 1, 'robots': 0, 'employee_time': 0.15555555555555556}",0.09015734825460389
17,"{'makespan': 32, 'workstations': 32, 'employees': 1, 'robots': 32, 'employee_time': 512}","{'makespan': None, 'workstations': 3.950005, 'employees': None, 'robots': None, 'employee_time': 0.15067166666666668}","{'makespan': 1.15, 'workstations': 4, 'employees': 1, 'robots': 0, 'employee_time': 0.15555555555555556}",0.09015734825460389
17,"{'makespan': 32, 'workstations': 64, 'employees': 1, 'robots': 32, 'employee_time': 1024}","{'makespan': None, 'workstations': 3.950005, 'employees': None, 'robots': None, 'employee_time': 0.15067166666666668}","{'makespan': 1.15, 'workstations': 4, 'employees': 1, 'robots': 0, 'employee_time': 0.15555555555555556}",0.09015734825460389
17,"{'makespan': 32, 'workstations': 128, 'employees': 1, 'robots': 32, 'employee_time': 2048}","{'makespan': None, 'workstations': 3.950005, 'employees': None, 'robots': None, 'employee_time': 0.15067166666666668}","{'makespan': 1.3677777777777778, 'workstations': 5, 'employees': 1, 'robots': 1, 'employee_time': 0.057777777777777775}",6.287569617256214
17,"{'makespan': 32, 'workstations': 256, 'employees': 1, 'robots': 32, 'employee_time': 2048}","{'makespan': None, 'workstations': 3.950005, 'employees': None, 'robots': None, 'employee_time': 0.15067166666666668}","{'makespan': 1.1522222222222223, 'workstations': 4, 'employees': 1, 'robots': 1, 'employee_time': 0.1288888888888889}",6.39913171544118
17,"{'makespan': 32, 'workstations': 512, 'employees': 1, 'robots': 32, 'employee_time': 2048}","{'makespan': None, 'workstations': 3.950005, 'employees': None, 'robots': None, 'employee_time': 0.15067166666666668}","{'makespan': 1.1522222222222223, 'workstations': 4, 'employees': 1, 'robots': 1, 'employee_time': 0.1288888888888889}",6.39913171544118
17,"{'makespan': 32, 'workstations': 1024, 'employees': 1, 'robots': 32, 'employee_time': 2048}","{'makespan': None, 'workstations': 3.950005, 'employees': None, 'robots': None, 'employee_time': 0.15067166666666668}","{'makespan': 1.1522222222222223, 'workstations': 4, 'employees': 1, 'robots': 1, 'employee_time': 0.1288888888888889}",6.39913171544118
17,"{'makespan': 32, 'workstations': 2048, 'employees': 1, 'robots': 32, 'employee_time': 2048}","{'makespan': None, 'workstations': 3.950005, 'employees': None, 'robots': None, 'employee_time': 0.15067166666666668}","{'makespan': 0.8466666666666667, 'workstations': 3, 'employees': 2, 'robots': 1, 'employee_time': 0.9533333333333334}",9.01683689668779
17,"{'makespan': 32, 'workstations': 2048, 'employees': 1, 'robots': 32, 'employee_time': 4096}","{'makespan': None, 'workstations': 3.950005, 'employees': None, 'robots': None, 'employee_time': 0.15067166666666668}","{'makespan': 1.1522222222222223, 'workstations': 4, 'employees': 1, 'robots': 1, 'employee_time': 0.1288888888888889}",6.39913171544118
17,"{'makespan': 32, 'workstations': 4096, 'employees': 1, 'robots': 32, 'employee_time': 4096}","{'makespan': None, 'workstations': 3.950005, 'employees': None, 'robots': None, 'employee_time': 0.15067166666666668}","{'makespan': 0.8466666666666667, 'workstations': 3, 'employees': 2, 'robots': 1, 'employee_time': 0.9533333333333334}",9.01683689668779
17,"{'makespan': 32, 'workstations': 4096, 'employees': 1, 'robots': 32, 'employee_time': 8192}","{'makespan': None, 'workstations': 3.950005, 'employees': None, 'robots': None, 'employee_time': 0.15067166666666668}","{'makespan': 1.1522222222222223, 'workstations': 4, 'employees': 1, 'robots': 1, 'employee_time': 0.1288888888888889}",6.39913171544118
17,"{'makespan': 32, 'workstations': 8192, 'employees': 1, 'robots': 32, 'employee_time': 8192}","{'makespan': None, 'workstations': 3.950005, 'employees': None, 'robots': None, 'employee_time': 0.15067166666666668}","{'makespan': 0.8466666666666667, 'workstations': 3, 'employees': 2, 'robots': 1, 'employee_time': 0.9533333333333334}",9.01683689668779
17,"{'makespan': 32, 'workstations': 8192, 'employees': 1, 'robots': 32, 'employee_time': 16384}","{'makespan': None, 'workstations': 3.950005, 'employees': None, 'robots': None, 'employee_time': 0.15067166666666668}","{'makespan': 1.1522222222222223, 'workstations': 4, 'employees': 1, 'robots': 1, 'employee_time': 0.1288888888888889}",6.39913171544118
17,"{'makespan': 32, 'workstations': 16384, 'employees': 1, 'robots': 32, 'employee_time': 16384}","{'makespan': None, 'workstations': 3.950005, 'employees': None, 'robots': None, 'employee_time': 0.15067166666666668}","{'makespan': 0.8466666666666667, 'workstations': 3, 'employees': 2, 'robots': 1, 'employee_time': 0.9533333333333334}",9.01683689668779
17,"{'makespan': 32, 'workstations': 16384, 'employees': 1, 'robots': 32, 'employee_time': 32768}","{'makespan': None, 'workstations': 3.950005, 'employees': None, 'robots': None, 'employee_time': 0.15067166666666668}","{'makespan': 1.1522222222222223, 'workstations': 4, 'employees': 1, 'robots': 1, 'employee_time': 0.1288888888888889}",6.39913171544118
17,"{'makespan': 32, 'workstations': 32768, 'employees': 1, 'robots': 32, 'employee_time': 32768}","{'makespan': None, 'workstations': 3.950005, 'employees': None, 'robots': None, 'employee_time': 0.15067166666666668}","{'makespan': 0.8466666666666667, 'workstations': 3, 'employees': 2, 'robots': 1, 'employee_time': 0.9533333333333334}",9.01683689668779
17,"{'makespan': 32, 'workstations': 32768, 'employees': 1, 'robots': 32, 'employee_time': 65536}","{'makespan': None, 'workstations': 3.950005, 'employees': None, 'robots': None, 'employee_time': 0.15067166666666668}","{'makespan': 1.1522222222222223, 'workstations': 4, 'employees': 1, 'robots': 1, 'employee_time': 0.1288888888888889}",6.39913171544118
17,"{'makespan': 32, 'workstations': 65536, 'employees': 1, 'robots': 32, 'employee_time': 65536}","{'makespan': None, 'workstations': 3.950005, 'employees': None, 'robots': None, 'employee_time': 0.15067166666666668}","{'makespan': 0.8466666666666667, 'workstations': 3, 'employees': 2, 'robots': 1, 'employee_time': 0.9533333333333334}",9.01683689668779
17,"{'makespan': 32, 'workstations': 65536, 'employees': 1, 'robots': 32, 'employee_time': 131072}","{'makespan': None, 'workstations': 3.950005, 'employees': None, 'robots': None, 'employee_time': 0.15067166666666668}","{'makespan': 1.1522222222222223, 'workstations': 4, 'employees': 1, 'robots': 1, 'employee_time': 0.1288888888888889}",6.39913171544118
17,"{'makespan': 32, 'workstations': 131072, 'employees': 1, 'robots': 32, 'employee_time': 131072}","{'makespan': None, 'workstations': 3.950005, 'employees': None, 'robots': None, 'employee_time': 0.15067166666666668}","{'makespan': 0.8466666666666667, 'workstations': 3, 'employees': 2, 'robots': 1, 'employee_time': 0.9533333333333334}",9.01683689668779
17,"{'makespan': 32, 'workstations': 131072, 'employees': 1, 'robots': 32, 'employee_time': 262144}","{'makespan': None, 'workstations': 3.950005, 'employees': None, 'robots': None, 'employee_time': 0.15067166666666668}","{'makespan': 1.1522222222222223, 'workstations': 4, 'employees': 1, 'robots': 1, 'employee_time': 0.1288888888888889}",6.39913171544118
17,"{'makespan': 32, 'workstations': 262144, 'employees': 1, 'robots': 32, 'employee_time': 262144}","{'makespan': None, 'workstations': 3.950005, 'employees': None, 'robots': None, 'employee_time': 0.15067166666666668}","{'makespan': 0.8466666666666667, 'workstations': 3, 'employees': 2, 'robots': 1, 'employee_time': 0.9533333333333334}",9.01683689668779
18,"{'makespan': 32, 'workstations': 32, 'employees': 1, 'robots': 32, 'employee_time': 512}","{'makespan': None, 'workstations': None, 'employees': 1.950005, 'robots': 0.950005, 'employee_time': 0.9085605555555556}","{'makespan': 0.8466666666666667, 'workstations': 3, 'employees': 2, 'robots': 1, 'employee_time': 0.9533333333333334}",9.01683689668779
18,"{'makespan': 32, 'workstations': 32, 'employees': 2, 'robots': 64, 'employee_time': 1024}","{'makespan': None, 'workstations': None, 'employees': 1.950005, 'robots': 0.950005, 'employee_time': 0.9085605555555556}","{'makespan': 1.3655555555555556, 'workstations': 5, 'employees': 1, 'robots': 0, 'employee_time': 0.09111111111111111}",0.0
19,"{'makespan': 32, 'workstations': 32, 'employees': 2, 'robots': 64, 'employee_time': 1024}","{'makespan': None, 'workstations': None, 'employees': None, 'robots': None, 'employee_time': 0.08944944444444444}","{'makespan': 1.3655555555555556, 'workstations': 5, 'employees': 1, 'robots': 0, 'employee_time': 0.09111111111111111}",0.0
19,"{'makespan': 32, 'workstations': 32, 'employees': 2, 'robots': 64, 'employee_time': 2048}","{'makespan': None, 'workstations': None, 'employees': None, 'robots': None, 'employee_time': 0.08944944444444444}","{'makespan': 1.3677777777777778, 'workstations': 5, 'employees': 1, 'robots': 1, 'employee_time': 0.057777777777777775}",6.287569617256214
20,"{'makespan': 32, 'workstations': 32, 'employees': 2, 'robots': 64, 'employee_time': 2048}","{'makespan': None, 'workstations': None, 'employees': None, 'robots': 0.950005, 'employee_time': None}","{'makespan': 1.3677777777777778, 'workstations': 5, 'employees': 1, 'robots': 1, 'employee_time': 0.057777777777777775}",6.287569617256214
20,"{'makespan': 32, 'workstations': 32, 'employees': 2, 'robots': 128, 'employee_time': 2048}","{'makespan': None, 'workstations': None, 'employees': None, 'robots': 0.950005, 'employee_time': None}","{'makespan': 1.3655555555555556, 'workstations': 5, 'employees': 1, 'robots': 0, 'employee_time': 0.09111111111111111}",0.0
20,"{'makespan': 32, 'workstations': 32, 'employees': 2, 'robots': 128, 'employee_time': 2048}","{'makespan': None, 'workstations': None, 'employees': None, 'robots': 0.950005, 'employee_time': None}","{'makespan': 1.3655555555555556, 'workstations': 5, 'employees': 1, 'robots': 0, 'employee_time': 0.09111111111111111}",0.0
21,"{'makespan': 32, 'workstations': 32, 'employees': 2, 'robots': 128, 'employee_time': 2048}","{'makespan': None, 'workstations': None, 'employees': None, 'robots': None, 'employee_time': 0.08944944444444444}","{'makespan': 1.3655555555555556, 'workstations': 5, 'employees': 1, 'robots': 0, 'employee_time': 0.09111111111111111}",0.0
21,"{'makespan': 32, 'workstations': 32, 'employees': 2, 'robots': 128, 'employee_time': 4096}","{'makespan': None, 'workstations': None, 'employees': None, 'robots': None, 'employee_time': 0.08944944444444444}","{'makespan': 1.3677777777777778, 'workstations': 5, 'employees': 1, 'robots': 1, 'employee_time': 0.057777777777777775}",6.287569617256214
22,"{'makespan': 32, 'workstations': 32, 'employees': 2, 'robots': 128, 'employee_time': 4096}","{'makespan': None, 'workstations': 4.900005, 'employees': None, 'robots': 0.950005, 'employee_time': None}","{'makespan': 1.3677777777777778, 'workstations': 5, 'employees': 1, 'robots': 1, 'employee_time': 0.057777777777777775}",6.287569617256214
22,"{'makespan': 32, 'workstations': 64, 'employees': 2, 'robots': 256, 'employee_time': 4096}","{'makespan': None, 'workstations': 4.900005, 'employees': None, 'robots': 0.950005, 'employee_time': None}","{'makespan': 1.3655555555555556, 'workstations': 5, 'employees': 1, 'robots': 0, 'employee_time': 0.09111111111111111}",0.0
22,"{'makespan': 32, 'workstations': 128, 'employees': 2, 'robots': 256, 'employee_time': 4096}","{'makespan': None, 'workstations': 4.900005, 'employees': None, 'robots': 0.950005, 'employee_time': None}","{'makespan': 1.3655555555555556, 'workstations': 5, 'employees': 1, 'robots': 0, 'employee_time': 0.09111111111111111}",0.0
22,"{'makespan': 32, 'workstations': 256, 'employees': 2, 'robots': 256, 'employee_time': 4096}","{'makespan': None, 'workstations': 4.900005, 'employees': None, 'robots': 0.950005, 'employee_time': None}","{'makespan': 1.3655555555555556, 'workstations': 5, 'employees': 1, 'robots': 0, 'employee_time': 0.09111111111111111}",0.0
22,"{'makespan': 32, 'workstations': 512, 'employees': 2, 'robots': 256, 'employee_time': 4096}","{'makespan': None, 'workstations': 4.900005, 'employees': None, 'robots': 0.950005, 'employee_time': None}","{'makespan': 1.15, 'workstations': 4, 'employees': 1, 'robots': 0, 'employee_time': 0.15555555555555556}",0.09015734825460389
23,"{'makespan': 32, 'workstations': 512, 'employees': 2, 'robots': 256, 'employee_time': 4096}","{'makespan': None, 'workstations': 3.950005, 'employees': None, 'robots': None, 'employee_time': None}","{'makespan': 1.15, 'workstations': 4, 'employees': 1, 'robots': 0, 'employee_time': 0.15555555555555556}",0.09015734825460389
23,"{'makespan': 32, 'workstations': 1024, 'employees': 2, 'robots': 256, 'employee_time': 4096}","{'makespan': None, 'workstations': 3.950005, 'employees': None, 'robots': None, 'employee_time': None}","{'makespan': 1.15, 'workstations': 4, 'employees': 1, 'robots': 0, 'employee_time': 0.15555555555555556}",0.09015734825460389
23,"{'makespan': 32, 'workstations': 2048, 'employees': 2, 'robots': 256, 'employee_time': 4096}","{'makespan': None, 'workstations': 3.950005, 'employees': None, 'robots': None, 'employee_time': None}","{'makespan': 1.15, 'workstations': 4, 'employees': 1, 'robots': 0, 'employee_time': 0.15555555555555556}",0.09015734825460389
23,"{'makespan': 32, 'workstations': 4096, 'employees': 2, 'robots': 256, 'employee_time': 4096}","{'makespan': None, 'workstations': 3.950005, 'employees': None, 'robots': None, 'employee_time': None}","{'makespan': 0.8444444444444444, 'workstations': 3, 'employees': 2, 'robots': 0, 'employee_time': 1.0}",2.772076779292302
24,"{'makespan': 32, 'workstations': 4096, 'employees': 2, 'robots': 256, 'employee_time': 4096}","{'makespan': None, 'workstations': None, 'employees': 1.950005, 'robots': None, 'employee_time': 0.9528938888888889}","{'makespan': 0.8444444444444444, 'workstations': 3, 'employees': 2, 'robots': 0, 'employee_time': 1.0}",2.772076779292302
24,"{'makespan': 32, 'workstations': 4096, 'employees': 4, 'robots': 256, 'employee_time': 8192}","{'makespan': None, 'workstations': None, 'employees': 1.950005, 'robots': None, 'employee_time': 0.9528938888888889}","{'makespan': 1.15, 'workstations': 4, 'employees': 1, 'robots': 0, 'employee_time': 0.15555555555555556}",0.09015734825460389
25,"{'makespan': 32, 'workstations': 4096, 'employees': 4, 'robots': 256, 'employee_time': 8192}","{'makespan': None, 'workstations': None, 'employees': None, 'robots': None, 'employee_time': 0.15067166666666668}","{'makespan': 1.15, 'workstations': 4, 'employees': 1, 'robots': 0, 'employee_time': 0.15555555555555556}",0.09015734825460389
25,"{'makespan': 32, 'workstations': 4096, 'employees': 4, 'robots': 256, 'employee_time': 16384}","{'makespan': None, 'workstations': None, 'employees': None, 'robots': None, 'employee_time': 0.15067166666666668}","{'makespan': 1.1522222222222223, 'workstations': 4, 'employees': 1, 'robots': 1, 'employee_time': 0.1288888888888889}",6.39913171544118
26,"{'makespan': 32, 'workstations': 4096, 'employees': 4, 'robots': 256, 'employee_time': 16384}","{'makespan': None, 'workstations': None, 'employees': None, 'robots': 0.950005, 'employee_time': 0.12533833333333333}","{'makespan': 1.1522222222222223, 'workstations': 4, 'employees': 1, 'robots': 1, 'employee_time': 0.1288888888888889}",6.39913171544118
26,"{'makespan': 32, 'workstations': 4096, 'employees': 4, 'robots': 512, 'employee_time': 32768}","{'makespan': None, 'workstations': None, 'employees': None, 'robots': 0.950005, 'employee_time': 0.12533833333333333}","{'makespan': 1.1522222222222223, 'workstations': 4, 'employees': 1, 'robots': 1, 'employee_time': 0.1288888888888889}",6.39913171544118
26,"{'makespan': 32, 'workstations': 4096, 'employees': 4, 'robots': 1024, 'employee_time': 65536}","{'makespan': None, 'workstations': None, 'employees': None, 'robots': 0.950005, 'employee_time': 0.12533833333333333}","{'makespan': 1.3677777777777778, 'workstations': 5, 'employees': 1, 'robots': 1, 'employee_time': 0.057777777777777775}",6.287569617256214
26,"{'makespan': 32, 'workstations': 4096, 'employees': 4, 'robots': 2048, 'employee_time': 65536}","{'makespan': None, 'workstations': None, 'employees': None, 'robots': 0.950005, 'employee_time': 0.12533833333333333}","{'makespan': 1.3677777777777778, 'workstations': 5, 'employees': 1, 'robots': 1, 'employee_time': 0.057777777777777775}",6.287569617256214
26,"{'makespan': 32, 'workstations': 4096, 'employees': 4, 'robots': 4096, 'employee_time': 65536}","{'makespan': None, 'workstations': None, 'employees': None, 'robots': 0.950005, 'employee_time': 0.12533833333333333}","{'makespan': 1.3655555555555556, 'workstations': 5, 'employees': 1, 'robots': 0, 'employee_time': 0.09111111111111111}",0.0
27,"{'makespan': 32, 'workstations': 4096, 'employees': 4, 'robots': 4096, 'employee_time': 65536}","{'makespan': 1.3159494444444446, 'workstations': None, 'employees': None, 'robots': None, 'employee_time': None}","{'makespan': 1.3655555555555556, 'workstations': 5, 'employees': 1, 'robots': 0, 'employee_time': 0.09111111111111111}",0.0
27,"{'makespan': 64, 'workstations': 4096, 'employees': 4, 'robots': 4096, 'employee_time': 65536}","{'makespan': 1.3159494444444446, 'workstations': None, 'employees': None, 'robots': None, 'employee_time': None}","{'makespan': 1.3655555555555556, 'workstations': 5, 'employees': 1, 'robots': 0, 'employee_time': 0.09111111111111111}",0.0
27,"{'makespan': 128, 'workstations': 4096, 'employees': 4, 'robots': 4096, 'employee_time': 65536}","{'makespan': 1.3159494444444446, 'workstations': None, 'employees': None, 'robots': None, 'employee_time': None}","{'makespan': 1.3655555555555556, 'workstations': 5, 'employees': 1, 'robots': 0, 'employee_time': 0.09111111111111111}",0.0
27,"{'makespan': 256, 'workstations': 4096, 'employees': 4, 'robots': 4096, 'employee_time': 65536}","{'makespan': 1.3159494444444446, 'workstations': None, 'employees': None, 'robots': None, 'employee_time': None}","{'makespan': 1.3655555555555556, 'workstations': 5, 'employees': 1, 'robots': 0, 'employee_time': 0.09111111111111111}",0.0
27,"{'makespan': 512, 'workstations': 4096, 'employees': 4, 'robots': 4096, 'employee_time': 65536}","{'makespan': 1.3159494444444446, 'workstations': None, 'employees': None, 'robots': None, 'employee_time': None}","{'makespan': 1.3655555555555556, 'workstations': 5, 'employees': 1, 'robots': 0, 'employee_time': 0.09111111111111111}",0.0
27,"{'makespan': 1024, 'workstations': 4096, 'employees': 4, 'robots': 4096, 'employee_time': 65536}","{'makespan': 1.3159494444444446, 'workstations': None, 'employees': None, 'robots': None, 'employee_time': None}","{'makespan': 1.15, 'workstations': 4, 'employees': 1, 'robots': 0, 'employee_time': 0.15555555555555556}",0.09015734825460389
28,"{'makespan': 1024, 'workstations': 4096, 'employees': 4, 'robots': 4096, 'employee_time': 65536}","{'makespan': None, 'workstations': 3.950005, 'employees': 1.000005, 'robots': None, 'employee_time': 0.15067166666666668}","{'makespan': 1.15, 'workstations': 4, 'employees': 1, 'robots': 0, 'employee_time': 0.15555555555555556}",0.09015734825460389
28,"{'makespan': 1024, 'workstations': 8192, 'employees': 4, 'robots': 4096, 'employee_time': 131072}","{'makespan': None, 'workstations': 3.950005, 'employees': 1.000005, 'robots': None, 'employee_time': 0.15067166666666668}","{'makespan': 1.3677777777777778, 'workstations': 5, 'employees': 1, 'robots': 1, 'employee_time': 0.057777777777777775}",6.287569617256214
28,"{'makespan': 1024, 'workstations': 16384, 'employees': 4, 'robots': 4096, 'employee_time': 131072}","{'makespan': None, 'workstations': 3.950005, 'employees': 1.000005, 'robots': None, 'employee_time': 0.15067166666666668}","{'makespan': 1.15, 'workstations': 4, 'employees': 1, 'robots': 0, 'employee_time': 0.15555555555555556}",0.09015734825460389
28,"{'makespan': 1024, 'workstations': 32768, 'employees': 4, 'robots': 4096, 'employee_time': 262144}","{'makespan': None, 'workstations': 3.950005, 'employees': 1.000005, 'robots': None, 'employee_time': 0.15067166666666668}","{'makespan': 1.1522222222222223, 'workstations': 4, 'employees': 1, 'robots': 1, 'employee_time': 0.1288888888888889}",6.39913171544118
28,"{'makespan': 1024, 'workstations': 65536, 'employees': 4, 'robots': 4096, 'employee_time': 262144}","{'makespan': None, 'workstations': 3.950005, 'employees': 1.000005, 'robots': None, 'employee_time': 0.15067166666666668}","{'makespan': 1.1522222222222223, 'workstations': 4, 'employees': 1, 'robots': 1, 'employee_time': 0.1288888888888889}",6.39913171544118
28,"{'makespan': 1024, 'workstations': 131072, 'employees': 4, 'robots': 4096, 'employee_time': 262144}","{'makespan': None, 'workstations': 3.950005, 'employees': 1.000005, 'robots': None, 'employee_time': 0.15067166666666668}","{'makespan': 1.1522222222222223, 'workstations': 4, 'employees': 1, 'robots': 1, 'employee_time': 0.1288888888888889}",6.39913171544118
28,"{'makespan': 1024, 'workstations': 262144, 'employees': 4, 'robots': 4096, 'employee_time': 262144}","{'makespan': None, 'workstations': 3.950005, 'employees': 1.000005, 'robots': None, 'employee_time': 0.15067166666666668}","{'makespan': 0.8466666666666667, 'workstations': 3, 'employees': 2, 'robots': 1, 'employee_time': 0.9533333333333334}",9.01683689668779
28,"{'makespan': 1024, 'workstations': 262144, 'employees': 8, 'robots': 4096, 'employee_time': 524288}","{'makespan': None, 'workstations': 3.950005, 'employees': 1.000005, 'robots': None, 'employee_time': 0.15067166666666668}","{'makespan': 1.1522222222222223, 'workstations': 4, 'employees': 1, 'robots': 1, 'employee_time': 0.1288888888888889}",6.39913171544118
28,"{'makespan': 1024, 'workstations': 524288, 'employees': 8, 'robots': 4096, 'employee_time': 524288}","{'makespan': None, 'workstations': 3.950005, 'employees': 1.000005, 'robots': None, 'employee_time': 0.15067166666666668}","{'makespan': 0.8466666666666667, 'workstations': 3, 'employees': 2, 'robots': 1, 'employee_time': 0.9533333333333334}",9.01683689668779
28,"{'makespan': 1024, 'workstations': 524288, 'employees': 16, 'robots': 4096, 'employee_time': 1048576}","{'makespan': None, 'workstations': 3.950005, 'employees': 1.000005, 'robots': None, 'employee_time': 0.15067166666666668}","{'makespan': 1.1522222222222223, 'workstations': 4, 'employees': 1, 'robots': 1, 'employee_time': 0.1288888888888889}",6.39913171544118
28,"{'makespan': 1024, 'workstations': 1048576, 'employees': 16, 'robots': 4096, 'employee_time': 1048576}","{'makespan': None, 'workstations': 3.950005, 'employees': 1.000005, 'robots': None, 'employee_time': 0.15067166666666668}","{'makespan': 0.8466666666666667, 'workstations': 3, 'employees': 2, 'robots': 1, 'employee_time': 0.9533333333333334}",9.01683689668779
28,"{'makespan': 1024, 'workstations': 1048576, 'employees': 32, 'robots': 4096, 'employee_time': 2097152}","{'makespan': None, 'workstations': 3.950005, 'employees': 1.000005, 'robots': None, 'employee_time': 0.15067166666666668}","{'makespan': 1.1522222222222223, 'workstations': 4, 'employees': 1, 'robots': 1, 'employee_time': 0.1288888888888889}",6.39913171544118
28,"{'makespan': 1024, 'workstations': 2097152, 'employees': 32, 'robots': 4096, 'employee_time': 2097152}","{'makespan': None, 'workstations': 3.950005, 'employees': 1.000005, 'robots': None, 'employee_time': 0.15067166666666668}","{'makespan': 0.8466666666666667, 'workstations': 3, 'employees': 2, 'robots': 1, 'employee_time': 0.9533333333333334}",9.01683689668779
28,"{'makespan': 1024, 'workstations': 2097152, 'employees': 64, 'robots': 4096, 'employee_time': 4194304}","{'makespan': None, 'workstations': 3.950005, 'employees': 1.000005, 'robots': None, 'employee_time': 0.15067166666666668}","{'makespan': 1.1522222222222223, 'workstations': 4, 'employees': 1, 'robots': 1, 'employee_time': 0.1288888888888889}",6.39913171544118
28,"{'makespan': 1024, 'workstations': 4194304, 'employees': 64, 'robots': 4096, 'employee_time': 4194304}","{'makespan': None, 'workstations': 3.950005, 'employees': 1.000005, 'robots': None, 'employee_time': 0.15067166666666668}","{'makespan': 0.8466666666666667, 'workstations': 3, 'employees': 2, 'robots': 1, 'employee_time': 0.9533333333333334}",9.01683689668779
28,"{'makespan': 1024, 'workstations': 4194304, 'employees': 128, 'robots': 4096, 'employee_time': 8388608}","{'makespan': None, 'workstations': 3.950005, 'employees': 1.000005, 'robots': None, 'employee_time': 0.15067166666666668}","{'makespan': 1.1522222222222223, 'workstations': 4, 'employees': 1, 'robots': 1, 'employee_time': 0.1288888888888889}",6.39913171544118
28,"{'makespan': 1024, 'workstations': 8388608, 'employees': 128, 'robots': 4096, 'employee_time': 8388608}","{'makespan': None, 'workstations': 3.950005, 'employees': 1.000005, 'robots': None, 'employee_time': 0.15067166666666668}","{'makespan': 0.8466666666666667, 'workstations': 3, 'employees': 2, 'robots': 1, 'employee_time': 0.9533333333333334}",9.01683689668779
28,"{'makespan': 1024, 'workstations': 8388608, 'employees': 256, 'robots': 4096, 'employee_time': 16777216}","{'makespan': None, 'workstations': 3.950005, 'employees': 1.000005, 'robots': None, 'employee_time': 0.15067166666666668}","{'makespan': 1.1522222222222223, 'workstations': 4, 'employees': 1, 'robots': 1, 'employee_time': 0.1288888888888889}",6.39913171544118
28,"{'makespan': 1024, 'workstations': 16777216, 'employees': 256, 'robots': 4096, 'employee_time': 16777216}","{'makespan': None, 'workstations': 3.950005, 'employees': 1.000005, 'robots': None, 'employee_time': 0.15067166666666668}","{'makespan': 0.9755555555555555, 'workstations': 3, 'employees': 1, 'robots': 1, 'employee_time': 0.9533333333333334}",8.933165869472102
28,"{'makespan': 1024, 'workstations': 16777216, 'employees': 256, 'robots': 4096, 'employee_time': 33554432}","{'makespan': None, 'workstations': 3.950005, 'employees': 1.000005, 'robots': None, 'employee_time': 0.15067166666666668}","{'makespan': 1.1522222222222223, 'workstations': 4, 'employees': 1, 'robots': 1, 'employee_time': 0.1288888888888889}",6.39913171544118
28,"{'makespan': 1024, 'workstations': 33554432, 'employees': 256, 'robots': 4096, 'employee_time': 33554432}","{'makespan': None, 'workstations': 3.950005, 'employees': 1.000005, 'robots': None, 'employee_time': 0.15067166666666668}","{'makespan': 0.9755555555555555, 'workstations': 3, 'employees': 1, 'robots': 1, 'employee_time': 0.9533333333333334}",8.933165869472102
29,"{'makespan': 1024, 'workstations': 4096, 'employees': 4, 'robots': 4096, 'employee_time': 65536}","{'makespan': None, 'workstations': None, 'employees': None, 'robots': 0.950005, 'employee_time': 0.9085605555555556}","{'makespan': 0.9755555555555555, 'workstations': 3, 'employees': 1, 'robots': 1, 'employee_time': 0.9533333333333334}",8.933165869472102
29,"{'makespan': 1024, 'workstations': 4096, 'employees': 4, 'robots': 8192, 'employee_time': 131072}","{'makespan': None, 'workstations': None, 'employees': None, 'robots': 0.950005, 'employee_time': 0.9085605555555556}","{'makespan': 1.3655555555555556, 'workstations': 5, 'employees': 1, 'robots': 0, 'employee_time': 0.09111111111111111}",0.0
30,"{'makespan': 1024, 'workstations': 4096, 'employees': 4, 'robots': 8192, 'employee_time': 131072}","{'makespan': None, 'workstations': 4.900005, 'employees': None, 'robots': None, 'employee_time': None}","{'makespan': 1.3655555555555556, 'workstations': 5, 'employees': 1, 'robots': 0, 'employee_time': 0.09111111111111111}",0.0
30,"{'makespan': 1024, 'workstations': 8192, 'employees': 4, 'robots': 8192, 'employee_time': 131072}","{'makespan': None, 'workstations': 4.900005, 'employees': None, 'robots': None, 'employee_time': None}","{'makespan': 1.3655555555555556, 'workstations': 5, 'employees': 1, 'robots': 0, 'employee_time': 0.09111111111111111}",0.0
30,"{'makespan': 1024, 'workstations': 16384, 'employees': 4, 'robots': 8192, 'employee_time': 131072}","{'makespan': None, 'workstations': 4.900005, 'employees': None, 'robots': None, 'employee_time': None}","{'makespan': 1.15, 'workstations': 4, 'employees': 1, 'robots': 0, 'employee_time': 0.15555555555555556}",0.09015734825460389
31,"{'makespan': 1024, 'workstations': 16384, 'employees': 4, 'robots': 8192, 'employee_time': 131072}","{'makespan': None, 'workstations': 3.950005, 'employees': None, 'robots': 5e-06, 'employee_time': 0.15067166666666668}","{'makespan': 1.15, 'workstations': 4, 'employees': 1, 'robots': 0, 'employee_time': 0.15555555555555556}",0.09015734825460389
31,"{'makespan': 1024, 'workstations': 32768, 'employees': 4, 'robots': 8192, 'employee_time': 262144}","{'makespan': None, 'workstations': 3.950005, 'employees': None, 'robots': 5e-06, 'employee_time': 0.15067166666666668}","{'makespan': 1.15, 'workstations': 4, 'employees': 1, 'robots': 0, 'employee_time': 0.15555555555555556}",0.09015734825460389
31,"{'makespan': 1024, 'workstations': 65536, 'employees': 4, 'robots': 8192, 'employee_time': 524288}","{'makespan': None, 'workstations': 3.950005, 'employees': None, 'robots': 5e-06, 'employee_time': 0.15067166666666668}","{'makespan': 1.1522222222222223, 'workstations': 4, 'employees': 1, 'robots': 1, 'employee_time': 0.1288888888888889}",6.39913171544118
31,"{'makespan': 1024, 'workstations': 131072, 'employees': 4, 'robots': 16384, 'employee_time': 524288}","{'makespan': None, 'workstations': 3.950005, 'employees': None, 'robots': 5e-06, 'employee_time': 0.15067166666666668}","{'makespan': 1.15, 'workstations': 4, 'employees': 1, 'robots': 0, 'employee_time': 0.15555555555555556}",0.09015734825460389
31,"{'makespan': 1024, 'workstations': 262144, 'employees': 4, 'robots': 16384, 'employee_time': 1048576}","{'makespan': None, 'workstations': 3.950005, 'employees': None, 'robots': 5e-06, 'employee_time': 0.15067166666666668}","{'makespan': 1.1522222222222223, 'workstations': 4, 'employees': 1, 'robots': 1, 'employee_time': 0.1288888888888889}",6.39913171544118
31,"{'makespan': 1024, 'workstations': 524288, 'employees': 4, 'robots': 32768, 'employee_time': 1048576}","{'makespan': None, 'workstations': 3.950005, 'employees': None, 'robots': 5e-06, 'employee_time': 0.15067166666666668}","{'makespan': 1.15, 'workstations': 4, 'employees': 1, 'robots': 0, 'employee_time': 0.15555555555555556}",0.09015734825460389
31,"{'makespan': 1024, 'workstations': 1048576, 'employees': 4, 'robots': 32768, 'employee_time': 2097152}","{'makespan': None, 'workstations': 3.950005, 'employees': None, 'robots': 5e-06, 'employee_time': 0.15067166666666668}","{'makespan': 1.1522222222222223, 'workstations': 4, 'employees': 1, 'robots': 1, 'employee_time': 0.1288888888888889}",6.39913171544118
31,"{'makespan': 1024, 'workstations': 2097152, 'employees': 4, 'robots': 65536, 'employee_time': 2097152}","{'makespan': None, 'workstations': 3.950005, 'employees': None, 'robots': 5e-06, 'employee_time': 0.15067166666666668}","{'makespan': 0.8466666666666667, 'workstations': 3, 'employees': 2, 'robots': 1, 'employee_time': 0.9533333333333334}",9.01683689668779
31,"{'makespan': 1024, 'workstations': 2097152, 'employees': 4, 'robots': 131072, 'employee_time': 4194304}","{'makespan': None, 'workstations': 3.950005, 'employees': None, 'robots': 5e-06, 'employee_time': 0.15067166666666668}","{'makespan': 1.15, 'workstations': 4, 'employees': 1, 'robots': 0, 'employee_time': 0.15555555555555556}",0.09015734825460389
31,"{'makespan': 1024, 'workstations': 4194304, 'employees': 4, 'robots': 131072, 'employee_time': 8388608}","{'makespan': None, 'workstations': 3.950005, 'employees': None, 'robots': 5e-06, 'employee_time': 0.15067166666666668}","{'makespan': 1.1522222222222223, 'workstations': 4, 'employees': 1, 'robots': 1, 'employee_time': 0.1288888888888889}",6.39913171544118
31,"{'makespan': 1024, 'workstations': 8388608, 'employees': 4, 'robots': 262144, 'employee_time': 8388608}","{'makespan': None, 'workstations': 3.950005, 'employees': None, 'robots': 5e-06, 'employee_time': 0.15067166666666668}","{'makespan': 0.8466666666666667, 'workstations': 3, 'employees': 2, 'robots': 1, 'employee_time': 0.9533333333333334}",9.01683689668779
31,"{'makespan': 1024, 'workstations': 8388608, 'employees': 4, 'robots': 524288, 'employee_time': 16777216}","{'makespan': None, 'workstations': 3.950005, 'employees': None, 'robots': 5e-06, 'employee_time': 0.15067166666666668}","{'makespan': 1.15, 'workstations': 4, 'employees': 1, 'robots': 0, 'employee_time': 0.15555555555555556}",0.09015734825460389
31,"{'makespan': 1024, 'workstations': 16777216, 'employees': 4, 'robots': 524288, 'employee_time': 33554432}","{'makespan': None, 'workstations': 3.950005, 'employees': None, 'robots': 5e-06, 'employee_time': 0.15067166666666668}","{'makespan': 1.1522222222222223, 'workstations': 4, 'employees': 1, 'robots': 1, 'employee_time': 0.1288888888888889}",6.39913171544118
31,"{'makespan': 1024, 'workstations': 33554432, 'employees': 4, 'robots': 1048576, 'employee_time': 33554432}","{'makespan': None, 'workstations': 3.950005, 'employees': None, 'robots': 5e-06, 'employee_time': 0.15067166666666668}","{'makespan': 0.8466666666666667, 'workstations': 3, 'employees': 2, 'robots': 1, 'employee_time': 0.9533333333333334}",9.01683689668779
31,"{'makespan': 1024, 'workstations': 33554432, 'employees': 4, 'robots': 2097152, 'employee_time': 67108864}","{'makespan': None, 'workstations': 3.950005, 'employees': None, 'robots': 5e-06, 'employee_time': 0.15067166666666668}","{'makespan': 1.15, 'workstations': 4, 'employees': 1, 'robots': 0, 'employee_time': 0.15555555555555556}",0.09015734825460389
31,"{'makespan': 1024, 'workstations': 67108864, 'employees': 4, 'robots': 2097152, 'employee_time': 134217728}","{'makespan': None, 'workstations': 3.950005, 'employees': None, 'robots': 5e-06, 'employee_time': 0.15067166666666668}","{'makespan': 1.1522222222222223, 'workstations': 4, 'employees': 1, 'robots': 1, 'employee_time': 0.1288888888888889}",6.39913171544118
31,"{'makespan': 1024, 'workstations': 134217728, 'employees': 4, 'robots': 4194304, 'employee_time': 134217728}","{'makespan': None, 'workstations': 3.950005, 'employees': None, 'robots': 5e-06, 'employee_time': 0.15067166666666668}","{'makespan': 0.8466666666666667, 'workstations': 3, 'employees': 2, 'robots': 1, 'employee_time': 0.9533333333333334}",9.01683689668779
31,"{'makespan': 1024, 'workstations': 134217728, 'employees': 4, 'robots': 8388608, 'employee_time': 268435456}","{'makespan': None, 'workstations': 3.950005, 'employees': None, 'robots': 5e-06, 'employee_time': 0.15067166666666668}","{'makespan': 1.15, 'workstations': 4, 'employees': 1, 'robots': 0, 'employee_time': 0.15555555555555556}",0.09015734825460389
31,"{'makespan': 1024, 'workstations': 268435456, 'employees': 4, 'robots': 8388608, 'employee_time': 536870912}","{'makespan': None, 'workstations': 3.950005, 'employees': None, 'robots': 5e-06, 'employee_time': 0.15067166666666668}","{'makespan': 1.1522222222222223, 'workstations': 4, 'employees': 1, 'robots': 1, 'employee_time': 0.1288888888888889}",6.39913171544118
31,"{'makespan': 1024, 'workstations': 536870912, 'employees': 4, 'robots': 16777216, 'employee_time': 536870912}","{'makespan': None, 'workstations': 3.950005, 'employees': None, 'robots': 5e-06, 'employee_time': 0.15067166666666668}","{'makespan': 0.8466666666666667, 'workstations': 3, 'employees': 2, 'robots': 1, 'employee_time': 0.9533333333333334}",9.01683689668779
31,"{'makespan': 1024, 'workstations': 536870912, 'employees': 4, 'robots': 33554432, 'employee_time': 1073741824}","{'makespan': None, 'workstations': 3.950005, 'employees': None, 'robots': 5e-06, 'employee_time': 0.15067166666666668}","{'makespan': 1.15, 'workstations': 4, 'employees': 1, 'robots': 0, 'employee_time': 0.15555555555555556}",0.09015734825460389
32,"{'makespan': 1024, 'workstations': 16384, 'employees': 4, 'robots': 8192, 'employee_time': 131072}","{'makespan': None, 'workstations': 3.950005, 'employees': 1.000005, 'robots': None, 'employee_time': 0.15067166666666668}","{'makespan': 1.15, 'workstations': 4, 'employees': 1, 'robots': 0, 'employee_time': 0.15555555555555556}",0.09015734825460389
32,"{'makespan': 1024, 'workstations': 32768, 'employees': 4, 'robots': 8192, 'employee_time': 262144}","{'makespan': None, 'workstations': 3.950005, 'employees': 1.000005, 'robots': None, 'employee_time': 0.15067166666666668}","{'makespan': 1.15, 'workstations': 4, 'employees': 1, 'robots': 0, 'employee_time': 0.15555555555555556}",0.09015734825460389
32,"{'makespan': 1024, 'workstations': 65536, 'employees': 4, 'robots': 8192, 'employee_time': 524288}","{'makespan': None, 'workstations': 3.950005, 'employees': 1.000005, 'robots': None, 'employee_time': 0.15067166666666668}","{'makespan': 1.1522222222222223, 'workstations': 4, 'employees': 1, 'robots': 1, 'employee_time': 0.1288888888888889}",6.39913171544118
32,"{'makespan': 1024, 'workstations': 131072, 'employees': 4, 'robots': 8192, 'employee_time': 524288}","{'makespan': None, 'workstations': 3.950005, 'employees': 1.000005, 'robots': None, 'employee_time': 0.15067166666666668}","{'makespan': 1.1522222222222223, 'workstations': 4, 'employees': 1, 'robots': 1, 'employee_time': 0.1288888888888889}",6.39913171544118
32,"{'makespan': 1024, 'workstations': 262144, 'employees': 4, 'robots': 8192, 'employee_time': 524288}","{'makespan': None, 'workstations': 3.950005, 'employees': 1.000005, 'robots': None, 'employee_time': 0.15067166666666668}","{'makespan': 1.1522222222222223, 'workstations': 4, 'employees': 1, 'robots': 1, 'employee_time': 0.1288888888888889}",6.39913171544118
32,"{'makespan': 1024, 'workstations': 524288, 'employees': 4, 'robots': 8192, 'employee_time': 524288}","{'makespan': None, 'workstations': 3.950005, 'employees': 1.000005, 'robots': None, 'employee_time': 0.15067166666666668}","{'makespan': 0.8466666666666667, 'workstations': 3, 'employees': 2, 'robots': 1, 'employee_time': 0.9533333333333334}",9.01683689668779
32,"{'makespan': 1024, 'workstations': 524288, 'employees': 8, 'robots': 8192, 'employee_time': 1048576}","{'makespan': None, 'workstations': 3.950005, 'employees': 1.000005, 'robots': None, 'employee_time': 0.15067166666666668}","{'makespan': 1.1522222222222223, 'workstations': 4, 'employees': 1, 'robots': 1, 'employee_time': 0.1288888888888889}",6.39913171544118
32,"{'makespan': 1024, 'workstations': 1048576, 'employees': 8, 'robots': 8192, 'employee_time': 1048576}","{'makespan': None, 'workstations': 3.950005, 'employees': 1.000005, 'robots': None, 'employee_time': 0.15067166666666668}","{'makespan': 0.8466666666666667, 'workstations': 3, 'employees': 2, 'robots': 1, 'employee_time': 0.9533333333333334}",9.01683689668779
32,"{'makespan': 1024, 'workstations': 1048576, 'employees': 16, 'robots': 8192, 'employee_time': 2097152}","{'makespan': None, 'workstations': 3.950005, 'employees': 1.000005, 'robots': None, 'employee_time': 0.15067166666666668}","{'makespan': 1.1522222222222223, 'workstations': 4, 'employees': 1, 'robots': 1, 'employee_time': 0.1288888888888889}",6.39913171544118
32,"{'makespan': 1024, 'workstations': 2097152, 'employees': 16, 'robots': 8192, 'employee_time': 2097152}","{'makespan': None, 'workstations': 3.950005, 'employees': 1.000005, 'robots': None, 'employee_time': 0.15067166666666668}","{'makespan': 0.8466666666666667, 'workstations': 3, 'employees': 2, 'robots': 1, 'employee_time': 0.9533333333333334}",9.01683689668779
32,"{'makespan': 1024, 'workstations': 2097152, 'employees': 32, 'robots': 8192, 'employee_time': 4194304}","{'makespan': None, 'workstations': 3.950005, 'employees': 1.000005, 'robots': None, 'employee_time': 0.15067166666666668}","{'makespan': 1.1522222222222223, 'workstations': 4, 'employees': 1, 'robots': 1, 'employee_time': 0.1288888888888889}",6.39913171544118
32,"{'makespan': 1024, 'workstations': 4194304, 'employees': 32, 'robots': 8192, 'employee_time': 4194304}","{'makespan': None, 'workstations': 3.950005, 'employees': 1.000005, 'robots': None, 'employee_time': 0.15067166666666668}","{'makespan': 0.8466666666666667, 'workstations': 3, 'employees': 2, 'robots': 1, 'employee_time': 0.9533333333333334}",9.01683689668779
32,"{'makespan': 1024, 'workstations': 4194304, 'employees': 64, 'robots': 8192, 'employee_time': 8388608}","{'makespan': None, 'workstations': 3.950005, 'employees': 1.000005, 'robots': None, 'employee_time': 0.15067166666666668}","{'makespan': 1.1522222222222223, 'workstations': 4, 'employees': 1, 'robots': 1, 'employee_time': 0.1288888888888889}",6.39913171544118
32,"{'makespan': 1024, 'workstations': 8388608, 'employees': 64, 'robots': 8192, 'employee_time': 8388608}","{'makespan': None, 'workstations': 3.950005, 'employees': 1.000005, 'robots': None, 'employee_time': 0.15067166666666668}","{'makespan': 0.8466666666666667, 'workstations': 3, 'employees': 2, 'robots': 1, 'employee_time': 0.9533333333333334}",9.01683689668779
32,"{'makespan': 1024, 'workstations': 8388608, 'employees': 128, 'robots': 8192, 'employee_time': 16777216}","{'makespan': None, 'workstations': 3.950005, 'employees': 1.000005, 'robots': None, 'employee_time': 0.15067166666666668}","{'makespan': 1.1522222222222223, 'workstations': 4, 'employees': 1, 'robots': 1, 'employee_time': 0.1288888888888889}",6.39913171544118
32,"{'makespan': 1024, 'workstations': 16777216, 'employees': 128, 'robots': 8192, 'employee_time': 16777216}","{'makespan': None, 'workstations': 3.950005, 'employees': 1.000005, 'robots': None, 'employee_time': 0.15067166666666668}","{'makespan': 0.8466666666666667, 'workstations': 3, 'employees': 2, 'robots': 1, 'employee_time': 0.9533333333333334}",9.01683689668779
32,"{'makespan': 1024, 'workstations': 16777216, 'employees': 256, 'robots': 8192, 'employee_time': 33554432}","{'makespan': None, 'workstations': 3.950005, 'employees': 1.000005, 'robots': None, 'employee_time': 0.15067166666666668}","{'makespan': 1.1522222222222223, 'workstations': 4, 'employees': 1, 'robots': 1, 'employee_time': 0.1288888888888889}",6.39913171544118
32,"{'makespan': 1024, 'workstations': 33554432, 'employees': 256, 'robots': 8192, 'employee_time': 33554432}","{'makespan': None, 'workstations': 3.950005, 'employees': 1.000005, 'robots': None, 'employee_time': 0.15067166666666668}","{'makespan': 0.9755555555555555, 'workstations': 3, 'employees': 1, 'robots': 1, 'employee_time': 0.9533333333333334}",8.933165869472102
32,"{'makespan': 1024, 'workstations': 33554432, 'employees': 256, 'robots': 8192, 'employee_time': 67108864}","{'makespan': None, 'workstations': 3.950005, 'employees': 1.000005, 'robots': None, 'employee_time': 0.15067166666666668}","{'makespan': 1.1522222222222223, 'workstations': 4, 'employees': 1, 'robots': 1, 'employee_time': 0.1288888888888889}",6.39913171544118
32,"{'makespan': 1024, 'workstations': 67108864, 'employees': 256, 'robots': 8192, 'employee_time': 67108864}","{'makespan': None, 'workstations': 3.950005, 'employees': 1.000005, 'robots': None, 'employee_time': 0.15067166666666668}","{'makespan': 0.9755555555555555, 'workstations': 3, 'employees': 1, 'robots': 1, 'employee_time': 0.9533333333333334}",8.933165869472102
32,"{'makespan': 1024, 'workstations': 67108864, 'employees': 256, 'robots': 8192, 'employee_time': 134217728}","{'makespan': None, 'workstations': 3.950005, 'employees': 1.000005, 'robots': None, 'employee_time': 0.15067166666666668}","{'makespan': 1.1522222222222223, 'workstations': 4, 'employees': 1, 'robots': 1, 'employee_time': 0.1288888888888889}",6.39913171544118
33,"{'makespan': 1024, 'workstations': 16384, 'employees': 4, 'robots': 8192, 'employee_time': 131072}","{'makespan': None, 'workstations': None, 'employees': None, 'robots': 0.950005, 'employee_time': 0.12533833333333333}","{'makespan': 1.1522222222222223, 'workstations': 4, 'employees': 1, 'robots': 1, 'employee_time': 0.1288888888888889}",6.39913171544118
33,"{'makespan': 1024, 'workstations': 16384, 'employees': 4, 'robots': 16384, 'employee_time': 262144}","{'makespan': None, 'workstations': None, 'employees': None, 'robots': 0.950005, 'employee_time': 0.12533833333333333}","{'makespan': 1.3655555555555556, 'workstations': 5, 'employees': 1, 'robots': 0, 'employee_time': 0.09111111111111111}",0.0
34,"{'makespan': 1024, 'workstations': 16384, 'employees': 4, 'robots': 16384, 'employee_time': 262144}","{'makespan': 1.3159494444444446, 'workstations': 4.900005, 'employees': None, 'robots': None, 'employee_time': None}","{'makespan': 1.3655555555555556, 'workstations': 5, 'employees': 1, 'robots': 0, 'employee_time': 0.09111111111111111}",0.0
34,"{'makespan': 2048, 'workstations': 32768, 'employees': 4, 'robots': 16384, 'employee_time': 262144}","{'makespan': 1.3159494444444446, 'workstations': 4.900005, 'employees': None, 'robots': None, 'employee_time': None}","{'makespan': 1.15, 'workstations': 4, 'employees': 1, 'robots': 0, 'employee_time': 0.15555555555555556}",0.09015734825460389
35,"{'makespan': 2048, 'workstations': 32768, 'employees': 4, 'robots': 16384, 'employee_time': 262144}","{'makespan': 1.1111716666666667, 'workstations': None, 'employees': None, 'robots': None, 'employee_time': 0.15067166666666668}","{'makespan': 1.15, 'workstations': 4, 'employees': 1, 'robots': 0, 'employee_time': 0.15555555555555556}",0.09015734825460389
35,"{'makespan': 4096, 'workstations': 32768, 'employees': 4, 'robots': 16384, 'employee_time': 524288}","{'makespan': 1.1111716666666667, 'workstations': None, 'employees': None, 'robots': None, 'employee_time': 0.15067166666666668}","{'makespan': 1.3677777777777778, 'workstations': 5, 'employees': 1, 'robots': 1, 'employee_time': 0.057777777777777775}",6.287569617256214
35,"{'makespan': 8192, 'workstations': 32768, 'employees': 4, 'robots': 16384, 'employee_time': 524288}","{'makespan': 1.1111716666666667, 'workstations': None, 'employees': None, 'robots': None, 'employee_time': 0.15067166666666668}","{'makespan': 1.3677777777777778, 'workstations': 5, 'employees': 1, 'robots': 1, 'employee_time': 0.057777777777777775}",6.287569617256214
35,"{'makespan': 16384, 'workstations': 32768, 'employees': 4, 'robots': 16384, 'employee_time': 524288}","{'makespan': 1.1111716666666667, 'workstations': None, 'employees': None, 'robots': None, 'employee_time': 0.15067166666666668}","{'makespan': 1.15, 'workstations': 4, 'employees': 1, 'robots': 0, 'employee_time': 0.15555555555555556}",0.09015734825460389
35,"{'makespan': 32768, 'workstations': 32768, 'employees': 4, 'robots': 16384, 'employee_time': 1048576}","{'makespan': 1.1111716666666667, 'workstations': None, 'employees': None, 'robots': None, 'employee_time': 0.15067166666666668}","{'makespan': 1.3677777777777778, 'workstations': 5, 'employees': 1, 'robots': 1, 'employee_time': 0.057777777777777775}",6.287569617256214
35,"{'makespan': 65536, 'workstations': 32768, 'employees': 4, 'robots': 16384, 'employee_time': 1048576}","{'makespan': 1.1111716666666667, 'workstations': None, 'employees': None, 'robots': None, 'employee_time': 0.15067166666666668}","{'makespan': 1.3677777777777778, 'workstations': 5, 'employees': 1, 'robots': 1, 'employee_time': 0.057777777777777775}",6.287569617256214
35,"{'makespan': 131072, 'workstations': 32768, 'employees': 4, 'robots': 16384, 'employee_time': 1048576}","{'makespan': 1.1111716666666667, 'workstations': None, 'employees': None, 'robots': None, 'employee_time': 0.15067166666666668}","{'makespan': 0.5344444444444444, 'workstations': 5, 'employees': 1, 'robots': 1, 'employee_time': 0.1288888888888889}",6.435844513097043
36,"{'makespan': 131072, 'workstations': 32768, 'employees': 4, 'robots': 16384, 'employee_time': 1048576}","{'makespan': 0.5263938888888888, 'workstations': None, 'employees': None, 'robots': 0.950005, 'employee_time': 0.12533833333333333}","{'makespan': 0.5344444444444444, 'workstations': 5, 'employees': 1, 'robots': 1, 'employee_time': 0.1288888888888889}",6.435844513097043
36,"{'makespan': 262144, 'workstations': 32768, 'employees': 4, 'robots': 32768, 'employee_time': 2097152}","{'makespan': 0.5263938888888888, 'workstations': None, 'employees': None, 'robots': 0.950005, 'employee_time': 0.12533833333333333}","{'makespan': 0.7788888888888889, 'workstations': 7, 'employees': 1, 'robots': 1, 'employee_time': 0.057777777777777775}",6.423108143485711
36,"{'makespan': 524288, 'workstations': 32768, 'employees': 4, 'robots': 65536, 'employee_time': 2097152}","{'makespan': 0.5263938888888888, 'workstations': None, 'employees': None, 'robots': 0.950005, 'employee_time': 0.12533833333333333}","{'makespan': 0.5355555555555556, 'workstations': 7, 'employees': 1, 'robots': 0, 'employee_time': 0.12333333333333334}",0.21583587252666922
36,"{'makespan': 1048576, 'workstations': 32768, 'employees': 4, 'robots': 65536, 'employee_time': 2097152}","{'makespan': 0.5263938888888888, 'workstations': None, 'employees': None, 'robots': 0.950005, 'employee_time': 0.12533833333333333}","{'makespan': 0.53, 'workstations': 6, 'employees': 1, 'robots': 0, 'employee_time': 0.1411111111111111}",0.17633066532966055
36,"{'makespan': 2097152, 'workstations': 32768, 'employees': 4, 'robots': 65536, 'employee_time': 4194304}","{'makespan': 0.5263938888888888, 'workstations': None, 'employees': None, 'robots': 0.950005, 'employee_time': 0.12533833333333333}","{'makespan': 0.54, 'workstations': 7, 'employees': 1, 'robots': 1, 'employee_time': 0.09333333333333334}",6.514321311246063
36,"{'makespan': 4194304, 'workstations': 32768, 'employees': 4, 'robots': 131072, 'employee_time': 4194304}","{'makespan': 0.5263938888888888, 'workstations': None, 'employees': None, 'robots': 0.950005, 'employee_time': 0.12533833333333333}","{'makespan': 0.5355555555555556, 'workstations': 7, 'employees': 1, 'robots': 0, 'employee_time': 0.12333333333333334}",0.21583587252666922
36,"{'makespan': 8388608, 'workstations': 32768, 'employees': 4, 'robots': 131072, 'employee_time': 4194304}","{'makespan': 0.5263938888888888, 'workstations': None, 'employees': None, 'robots': 0.950005, 'employee_time': 0.12533833333333333}","{'makespan': 0.53, 'workstations': 6, 'employees': 1, 'robots': 0, 'employee_time': 0.1411111111111111}",0.17633066532966055
36,"{'makespan': 16777216, 'workstations': 32768, 'employees': 4, 'robots': 131072, 'employee_time': 8388608}","{'makespan': 0.5263938888888888, 'workstations': None, 'employees': None, 'robots': 0.950005, 'employee_time': 0.12533833333333333}","{'makespan': 0.5355555555555556, 'workstations': 7, 'employees': 1, 'robots': 1, 'employee_time': 0.1}",6.535299168180428
37,"{'makespan': 131072, 'workstations': 32768, 'employees': 4, 'robots': 16384, 'employee_time': 1048576}","{'makespan': None, 'workstations': None, 'employees': None, 'robots': 0.950005, 'employee_time': None}","{'makespan': 0.5355555555555556, 'workstations': 7, 'employees': 1, 'robots': 1, 'employee_time': 0.1}",6.535299168180428
37,"{'makespan': 131072, 'workstations': 32768, 'employees': 4, 'robots': 32768, 'employee_time': 1048576}","{'makespan': None, 'workstations': None, 'employees': None, 'robots': 0.950005, 'employee_time': None}","{'makespan': 0.5344444444444444, 'workstations': 5, 'employees': 1, 'robots': 1, 'employee_time': 0.1288888888888889}",6.435844513097043
37,"{'makespan': 131072, 'workstations': 32768, 'employees': 4, 'robots': 65536, 'employee_time': 1048576}","{'makespan': None, 'workstations': None, 'employees': None, 'robots': 0.950005, 'employee_time': None}","{'makespan': 0.53, 'workstations': 5, 'employees': 1, 'robots': 0, 'employee_time': 0.1622222222222222}",0.14806144934283116
38,"{'makespan': 131072, 'workstations': 32768, 'employees': 4, 'robots': 65536, 'employee_time': 1048576}","{'makespan': None, 'workstations': None, 'employees': 1.000005, 'robots': None, 'employee_time': None}","{'makespan': 0.53, 'workstations': 5, 'employees': 1, 'robots': 0, 'employee_time': 0.1622222222222222}",0.14806144934283116
39,"{'makespan': 131072, 'workstations': 32768, 'employees': 4, 'robots': 65536, 'employee_time': 1048576}","{'makespan': None, 'workstations': None, 'employees': None, 'robots': None, 'employee_time': 0.15700499999999998}","{'makespan': 0.53, 'workstations': 5, 'employees': 1, 'robots': 0, 'employee_time': 0.1622222222222222}",0.14806144934283116
39,"{'makespan': 131072, 'workstations': 32768, 'employees': 4, 'robots': 65536, 'employee_time': 2097152}","{'makespan': None, 'workstations': None, 'employees': None, 'robots': None, 'employee_time': 0.15700499999999998}","{'makespan': 0.7788888888888889, 'workstations': 7, 'employees': 1, 'robots': 1, 'employee_time': 0.057777777777777775}",6.423108143485711
40,"{'makespan': 131072, 'workstations': 32768, 'employees': 4, 'robots': 65536, 'employee_time': 2097152}","{'makespan': None, 'workstations': 6.800005, 'employees': None, 'robots': 0.950005, 'employee_time': None}","{'makespan': 0.7788888888888889, 'workstations': 7, 'employees': 1, 'robots': 1, 'employee_time': 0.057777777777777775}",6.423108143485711
40,"{'makespan': 131072, 'workstations': 65536, 'employees': 4, 'robots': 131072, 'employee_time': 2097152}","{'makespan': None, 'workstations': 6.800005, 'employees': None, 'robots': 0.950005, 'employee_time': None}","{'makespan': 1.3655555555555556, 'workstations': 5, 'employees': 1, 'robots': 0, 'employee_time': 0.09111111111111111}",0.0
40,"{'makespan': 131072, 'workstations': 65536, 'employees': 4, 'robots': 131072, 'employee_time': 2097152}","{'makespan': None, 'workstations': 6.800005, 'employees': None, 'robots': 0.950005, 'employee_time': None}","{'makespan': 1.3655555555555556, 'workstations': 5, 'employees': 1, 'robots': 0, 'employee_time': 0.09111111111111111}",0.0
