iter,weights,bounds,results,regret,solve_time
1,"{'makespan': 1, 'workstations': 1, 'employees': 1, 'robots': 1, 'employee_time': 1}",,"{'makespan': 0.53, 'workstations': 5, 'employees': 1, 'robots': 0, 'employee_time': 0.1622222222222222}",0.7454288569989863,2.118236780166626
1,"{'makespan': 1, 'workstations': 1, 'employees': 1, 'robots': 1, 'employee_time': 1}","{'makespan': 0.5185111111111111, 'workstations': None, 'employees': None, 'robots': -0.0001, 'employee_time': None}","{'makespan': 0.53, 'workstations': 5, 'employees': 1, 'robots': 0, 'employee_time': 0.1622222222222222}",0.7454288569989863,0.0
1,"{'makespan': 2, 'workstations': 1, 'employees': 1, 'robots': 2, 'employee_time': 1}","{'makespan': 0.5185111111111111, 'workstations': None, 'employees': None, 'robots': -0.0001, 'employee_time': None}","{'makespan': 0.53, 'workstations': 5, 'employees': 1, 'robots': 0, 'employee_time': 0.1622222222222222}",0.7454288569989863,2.1598029136657715
1,"{'makespan': 4, 'workstations': 1, 'employees': 1, 'robots': 4, 'employee_time': 1}","{'makespan': 0.5185111111111111, 'workstations': None, 'employees': None, 'robots': -0.0001, 'employee_time': None}","{'makespan': 0.53, 'workstations': 5, 'employees': 1, 'robots': 0, 'employee_time': 0.1622222222222222}",0.7454288569989863,4.330437660217285
1,"{'makespan': 8, 'workstations': 1, 'employees': 1, 'robots': 8, 'employee_time': 1}","{'makespan': 0.5185111111111111, 'workstations': None, 'employees': None, 'robots': -0.0001, 'employee_time': None}","{'makespan': 0.41, 'workstations': 6, 'employees': 1, 'robots': 0, 'employee_time': 0.28}",0.35098166467894104,25.007126569747925
1,"{'makespan': 8, 'workstations': 1, 'employees': 1, 'robots': 16, 'employee_time': 1}","{'makespan': 0.5185111111111111, 'workstations': None, 'employees': None, 'robots': -0.0001, 'employee_time': None}","{'makespan': 0.41, 'workstations': 6, 'employees': 1, 'robots': 0, 'employee_time': 0.28}",0.35098166467894104,30.25528860092163
2,"{'makespan': 1, 'workstations': 1, 'employees': 1, 'robots': 1, 'employee_time': 1}","{'makespan': 0.4045111111111111, 'workstations': None, 'employees': None, 'robots': None, 'employee_time': 0.2687888888888889}","{'makespan': 0.41, 'workstations': 6, 'employees': 1, 'robots': 0, 'employee_time': 0.28}",0.35098166467894104,0.0
2,"{'makespan': 2, 'workstations': 1, 'employees': 1, 'robots': 1, 'employee_time': 2}","{'makespan': 0.4045111111111111, 'workstations': None, 'employees': None, 'robots': None, 'employee_time': 0.2687888888888889}","{'makespan': 0.53, 'workstations': 5, 'employees': 1, 'robots': 0, 'employee_time': 0.1622222222222222}",0.7454288569989863,2.3059146404266357
2,"{'makespan': 4, 'workstations': 1, 'employees': 1, 'robots': 1, 'employee_time': 2}","{'makespan': 0.4045111111111111, 'workstations': None, 'employees': None, 'robots': None, 'employee_time': 0.2687888888888889}","{'makespan': 0.53, 'workstations': 5, 'employees': 1, 'robots': 0, 'employee_time': 0.1622222222222222}",0.7454288569989863,3.8522844314575195
2,"{'makespan': 8, 'workstations': 1, 'employees': 1, 'robots': 1, 'employee_time': 2}","{'makespan': 0.4045111111111111, 'workstations': None, 'employees': None, 'robots': None, 'employee_time': 0.2687888888888889}","{'makespan': 0.46444444444444444, 'workstations': 6, 'employees': 1, 'robots': 0, 'employee_time': 0.16555555555555557}",0.5299438182412234,10.577645540237427
2,"{'makespan': 16, 'workstations': 1, 'employees': 1, 'robots': 1, 'employee_time': 2}","{'makespan': 0.4045111111111111, 'workstations': None, 'employees': None, 'robots': None, 'employee_time': 0.2687888888888889}","{'makespan': 0.41, 'workstations': 7, 'employees': 1, 'robots': 0, 'employee_time': 0.22444444444444445}",0.35098166796581837,30.282490968704224
2,"{'makespan': 32, 'workstations': 1, 'employees': 1, 'robots': 1, 'employee_time': 2}","{'makespan': 0.4045111111111111, 'workstations': None, 'employees': None, 'robots': None, 'employee_time': 0.2687888888888889}","{'makespan': 0.30666666666666664, 'workstations': 8, 'employees': 2, 'robots': 0, 'employee_time': 0.45222222222222225}",0.01460586833279338,30.168010473251343
3,"{'makespan': 1, 'workstations': 1, 'employees': 1, 'robots': 1, 'employee_time': 1}","{'makespan': 0.3063444444444444, 'workstations': None, 'employees': 1.9499, 'robots': None, 'employee_time': None}","{'makespan': 0.30666666666666664, 'workstations': 8, 'employees': 2, 'robots': 0, 'employee_time': 0.45222222222222225}",0.01460586833279338,0.0
3,"{'makespan': 2, 'workstations': 1, 'employees': 2, 'robots': 1, 'employee_time': 1}","{'makespan': 0.3063444444444444, 'workstations': None, 'employees': 1.9499, 'robots': None, 'employee_time': None}","{'makespan': 0.53, 'workstations': 5, 'employees': 1, 'robots': 0, 'employee_time': 0.1622222222222222}",0.7454288569989863,2.7539222240448
3,"{'makespan': 4, 'workstations': 1, 'employees': 2, 'robots': 1, 'employee_time': 1}","{'makespan': 0.3063444444444444, 'workstations': None, 'employees': 1.9499, 'robots': None, 'employee_time': None}","{'makespan': 0.53, 'workstations': 5, 'employees': 1, 'robots': 0, 'employee_time': 0.1622222222222222}",0.7454288569989863,6.027580499649048
3,"{'makespan': 8, 'workstations': 1, 'employees': 2, 'robots': 1, 'employee_time': 1}","{'makespan': 0.3063444444444444, 'workstations': None, 'employees': 1.9499, 'robots': None, 'employee_time': None}","{'makespan': 0.41, 'workstations': 6, 'employees': 1, 'robots': 0, 'employee_time': 0.28}",0.35098166467894104,25.221698999404907
3,"{'makespan': 16, 'workstations': 1, 'employees': 2, 'robots': 1, 'employee_time': 1}","{'makespan': 0.3063444444444444, 'workstations': None, 'employees': 1.9499, 'robots': None, 'employee_time': None}","{'makespan': 0.41, 'workstations': 6, 'employees': 1, 'robots': 0, 'employee_time': 0.28}",0.35098166467894104,30.18747329711914
4,"{'makespan': 1, 'workstations': 1, 'employees': 1, 'robots': 1, 'employee_time': 1}","{'makespan': 0.4045111111111111, 'workstations': None, 'employees': None, 'robots': None, 'employee_time': 0.2687888888888889}","{'makespan': 0.41, 'workstations': 6, 'employees': 1, 'robots': 0, 'employee_time': 0.28}",0.35098166467894104,0.0
4,"{'makespan': 2, 'workstations': 1, 'employees': 1, 'robots': 1, 'employee_time': 2}","{'makespan': 0.4045111111111111, 'workstations': None, 'employees': None, 'robots': None, 'employee_time': 0.2687888888888889}","{'makespan': 0.53, 'workstations': 5, 'employees': 1, 'robots': 0, 'employee_time': 0.1622222222222222}",0.7454288569989863,2.3728160858154297
4,"{'makespan': 4, 'workstations': 1, 'employees': 1, 'robots': 1, 'employee_time': 2}","{'makespan': 0.4045111111111111, 'workstations': None, 'employees': None, 'robots': None, 'employee_time': 0.2687888888888889}","{'makespan': 0.53, 'workstations': 5, 'employees': 1, 'robots': 0, 'employee_time': 0.1622222222222222}",0.7454288569989863,3.7476985454559326
4,"{'makespan': 8, 'workstations': 1, 'employees': 1, 'robots': 1, 'employee_time': 2}","{'makespan': 0.4045111111111111, 'workstations': None, 'employees': None, 'robots': None, 'employee_time': 0.2687888888888889}","{'makespan': 0.46444444444444444, 'workstations': 6, 'employees': 1, 'robots': 0, 'employee_time': 0.16555555555555557}",0.5299438182412234,9.65285348892212
4,"{'makespan': 16, 'workstations': 1, 'employees': 1, 'robots': 1, 'employee_time': 2}","{'makespan': 0.4045111111111111, 'workstations': None, 'employees': None, 'robots': None, 'employee_time': 0.2687888888888889}","{'makespan': 0.41, 'workstations': 7, 'employees': 1, 'robots': 0, 'employee_time': 0.22444444444444445}",0.35098166796581837,30.19355583190918
4,"{'makespan': 32, 'workstations': 1, 'employees': 1, 'robots': 1, 'employee_time': 2}","{'makespan': 0.4045111111111111, 'workstations': None, 'employees': None, 'robots': None, 'employee_time': 0.2687888888888889}","{'makespan': 0.30666666666666664, 'workstations': 8, 'employees': 2, 'robots': 0, 'employee_time': 0.45222222222222225}",0.01460586833279338,30.192383527755737
5,"{'makespan': 1, 'workstations': 1, 'employees': 1, 'robots': 1, 'employee_time': 1}","{'makespan': 0.3063444444444444, 'workstations': None, 'employees': 1.9499, 'robots': None, 'employee_time': None}","{'makespan': 0.30666666666666664, 'workstations': 8, 'employees': 2, 'robots': 0, 'employee_time': 0.45222222222222225}",0.01460586833279338,0.0
5,"{'makespan': 2, 'workstations': 1, 'employees': 2, 'robots': 1, 'employee_time': 1}","{'makespan': 0.3063444444444444, 'workstations': None, 'employees': 1.9499, 'robots': None, 'employee_time': None}","{'makespan': 0.53, 'workstations': 5, 'employees': 1, 'robots': 0, 'employee_time': 0.1622222222222222}",0.7454288569989863,1.9055075645446777
5,"{'makespan': 4, 'workstations': 1, 'employees': 2, 'robots': 1, 'employee_time': 1}","{'makespan': 0.3063444444444444, 'workstations': None, 'employees': 1.9499, 'robots': None, 'employee_time': None}","{'makespan': 0.53, 'workstations': 5, 'employees': 1, 'robots': 0, 'employee_time': 0.1622222222222222}",0.7454288569989863,6.189077377319336
5,"{'makespan': 8, 'workstations': 1, 'employees': 2, 'robots': 1, 'employee_time': 1}","{'makespan': 0.3063444444444444, 'workstations': None, 'employees': 1.9499, 'robots': None, 'employee_time': None}","{'makespan': 0.41, 'workstations': 6, 'employees': 1, 'robots': 0, 'employee_time': 0.28}",0.35098166467894104,30.139496326446533
5,"{'makespan': 16, 'workstations': 1, 'employees': 2, 'robots': 1, 'employee_time': 1}","{'makespan': 0.3063444444444444, 'workstations': None, 'employees': 1.9499, 'robots': None, 'employee_time': None}","{'makespan': 0.41, 'workstations': 6, 'employees': 1, 'robots': 0, 'employee_time': 0.28}",0.35098166467894104,30.18674659729004
6,"{'makespan': 1, 'workstations': 1, 'employees': 1, 'robots': 1, 'employee_time': 1}","{'makespan': 0.4045111111111111, 'workstations': None, 'employees': 0.9999, 'robots': None, 'employee_time': None}","{'makespan': 0.41, 'workstations': 6, 'employees': 1, 'robots': 0, 'employee_time': 0.28}",0.35098166467894104,0.0
6,"{'makespan': 2, 'workstations': 1, 'employees': 2, 'robots': 1, 'employee_time': 1}","{'makespan': 0.4045111111111111, 'workstations': None, 'employees': 0.9999, 'robots': None, 'employee_time': None}","{'makespan': 0.53, 'workstations': 5, 'employees': 1, 'robots': 0, 'employee_time': 0.1622222222222222}",0.7454288569989863,2.6801671981811523
6,"{'makespan': 4, 'workstations': 1, 'employees': 4, 'robots': 1, 'employee_time': 1}","{'makespan': 0.4045111111111111, 'workstations': None, 'employees': 0.9999, 'robots': None, 'employee_time': None}","{'makespan': 0.53, 'workstations': 5, 'employees': 1, 'robots': 0, 'employee_time': 0.1622222222222222}",0.7454288569989863,5.148716926574707
6,"{'makespan': 8, 'workstations': 1, 'employees': 8, 'robots': 1, 'employee_time': 1}","{'makespan': 0.4045111111111111, 'workstations': None, 'employees': 0.9999, 'robots': None, 'employee_time': None}","{'makespan': 0.41, 'workstations': 6, 'employees': 1, 'robots': 0, 'employee_time': 0.28}",0.35098166467894104,28.389155626296997
6,"{'makespan': 16, 'workstations': 1, 'employees': 16, 'robots': 1, 'employee_time': 1}","{'makespan': 0.4045111111111111, 'workstations': None, 'employees': 0.9999, 'robots': None, 'employee_time': None}","{'makespan': 0.3811111111111111, 'workstations': 7, 'employees': 1, 'robots': 0, 'employee_time': 0.32555555555555554}",0.2560221579124953,30.194894075393677
7,"{'makespan': 1, 'workstations': 1, 'employees': 1, 'robots': 1, 'employee_time': 1}","{'makespan': 0.37706666666666666, 'workstations': None, 'employees': None, 'robots': None, 'employee_time': 0.31206666666666666}","{'makespan': 0.3811111111111111, 'workstations': 7, 'employees': 1, 'robots': 0, 'employee_time': 0.32555555555555554}",0.2560221579124953,0.0
7,"{'makespan': 2, 'workstations': 1, 'employees': 1, 'robots': 1, 'employee_time': 2}","{'makespan': 0.37706666666666666, 'workstations': None, 'employees': None, 'robots': None, 'employee_time': 0.31206666666666666}","{'makespan': 0.53, 'workstations': 5, 'employees': 1, 'robots': 0, 'employee_time': 0.1622222222222222}",0.7454288569989863,2.4617934226989746
7,"{'makespan': 4, 'workstations': 1, 'employees': 1, 'robots': 1, 'employee_time': 2}","{'makespan': 0.37706666666666666, 'workstations': None, 'employees': None, 'robots': None, 'employee_time': 0.31206666666666666}","{'makespan': 0.53, 'workstations': 5, 'employees': 1, 'robots': 0, 'employee_time': 0.1622222222222222}",0.7454288569989863,4.198136329650879
7,"{'makespan': 8, 'workstations': 1, 'employees': 1, 'robots': 1, 'employee_time': 2}","{'makespan': 0.37706666666666666, 'workstations': None, 'employees': None, 'robots': None, 'employee_time': 0.31206666666666666}","{'makespan': 0.46444444444444444, 'workstations': 6, 'employees': 1, 'robots': 0, 'employee_time': 0.16555555555555557}",0.5299438182412234,9.399438381195068
7,"{'makespan': 16, 'workstations': 1, 'employees': 1, 'robots': 1, 'employee_time': 2}","{'makespan': 0.37706666666666666, 'workstations': None, 'employees': None, 'robots': None, 'employee_time': 0.31206666666666666}","{'makespan': 0.41, 'workstations': 7, 'employees': 1, 'robots': 0, 'employee_time': 0.22444444444444445}",0.35098166796581837,30.300966501235962
7,"{'makespan': 32, 'workstations': 1, 'employees': 1, 'robots': 1, 'employee_time': 2}","{'makespan': 0.37706666666666666, 'workstations': None, 'employees': None, 'robots': None, 'employee_time': 0.31206666666666666}","{'makespan': 0.31444444444444447, 'workstations': 8, 'employees': 2, 'robots': 0, 'employee_time': 0.42333333333333334}",0.04017189027022123,30.197303295135498
8,"{'makespan': 1, 'workstations': 1, 'employees': 1, 'robots': 1, 'employee_time': 1}","{'makespan': 0.31373333333333336, 'workstations': None, 'employees': 1.9499, 'robots': None, 'employee_time': None}","{'makespan': 0.31444444444444447, 'workstations': 8, 'employees': 2, 'robots': 0, 'employee_time': 0.42333333333333334}",0.04017189027022123,0.0
8,"{'makespan': 2, 'workstations': 1, 'employees': 2, 'robots': 1, 'employee_time': 1}","{'makespan': 0.31373333333333336, 'workstations': None, 'employees': 1.9499, 'robots': None, 'employee_time': None}","{'makespan': 0.53, 'workstations': 5, 'employees': 1, 'robots': 0, 'employee_time': 0.1622222222222222}",0.7454288569989863,2.0293490886688232
8,"{'makespan': 4, 'workstations': 1, 'employees': 2, 'robots': 1, 'employee_time': 1}","{'makespan': 0.31373333333333336, 'workstations': None, 'employees': 1.9499, 'robots': None, 'employee_time': None}","{'makespan': 0.53, 'workstations': 5, 'employees': 1, 'robots': 0, 'employee_time': 0.1622222222222222}",0.7454288569989863,5.49251127243042
8,"{'makespan': 8, 'workstations': 1, 'employees': 2, 'robots': 1, 'employee_time': 1}","{'makespan': 0.31373333333333336, 'workstations': None, 'employees': 1.9499, 'robots': None, 'employee_time': None}","{'makespan': 0.41, 'workstations': 6, 'employees': 1, 'robots': 0, 'employee_time': 0.28}",0.35098166467894104,30.210933923721313
8,"{'makespan': 16, 'workstations': 1, 'employees': 2, 'robots': 1, 'employee_time': 1}","{'makespan': 0.31373333333333336, 'workstations': None, 'employees': 1.9499, 'robots': None, 'employee_time': None}","{'makespan': 0.41, 'workstations': 6, 'employees': 1, 'robots': 0, 'employee_time': 0.28}",0.35098166467894104,30.264395475387573
9,"{'makespan': 1, 'workstations': 1, 'employees': 1, 'robots': 1, 'employee_time': 1}","{'makespan': 0.4045111111111111, 'workstations': None, 'employees': None, 'robots': None, 'employee_time': None}","{'makespan': 0.41, 'workstations': 6, 'employees': 1, 'robots': 0, 'employee_time': 0.28}",0.35098166467894104,0.0
9,"{'makespan': 2, 'workstations': 1, 'employees': 1, 'robots': 1, 'employee_time': 1}","{'makespan': 0.4045111111111111, 'workstations': None, 'employees': None, 'robots': None, 'employee_time': None}","{'makespan': 0.53, 'workstations': 5, 'employees': 1, 'robots': 0, 'employee_time': 0.1622222222222222}",0.7454288569989863,3.101057291030884
9,"{'makespan': 4, 'workstations': 1, 'employees': 1, 'robots': 1, 'employee_time': 1}","{'makespan': 0.4045111111111111, 'workstations': None, 'employees': None, 'robots': None, 'employee_time': None}","{'makespan': 0.53, 'workstations': 5, 'employees': 1, 'robots': 0, 'employee_time': 0.1622222222222222}",0.7454288569989863,5.545750379562378
9,"{'makespan': 8, 'workstations': 1, 'employees': 1, 'robots': 1, 'employee_time': 1}","{'makespan': 0.4045111111111111, 'workstations': None, 'employees': None, 'robots': None, 'employee_time': None}","{'makespan': 0.41, 'workstations': 6, 'employees': 1, 'robots': 0, 'employee_time': 0.28}",0.35098166467894104,28.101677656173706
9,"{'makespan': 16, 'workstations': 1, 'employees': 1, 'robots': 1, 'employee_time': 1}","{'makespan': 0.4045111111111111, 'workstations': None, 'employees': None, 'robots': None, 'employee_time': None}","{'makespan': 0.3811111111111111, 'workstations': 7, 'employees': 1, 'robots': 0, 'employee_time': 0.32555555555555554}",0.2560221579124953,30.30327272415161
10,"{'makespan': 16, 'workstations': 1, 'employees': 1, 'robots': 1, 'employee_time': 1}","{'makespan': 0.37706666666666666, 'workstations': None, 'employees': None, 'robots': None, 'employee_time': 0.31206666666666666}","{'makespan': 0.3811111111111111, 'workstations': 7, 'employees': 1, 'robots': 0, 'employee_time': 0.32555555555555554}",0.2560221579124953,0.0
10,"{'makespan': 32, 'workstations': 1, 'employees': 1, 'robots': 1, 'employee_time': 2}","{'makespan': 0.37706666666666666, 'workstations': None, 'employees': None, 'robots': None, 'employee_time': 0.31206666666666666}","{'makespan': 0.31444444444444447, 'workstations': 8, 'employees': 2, 'robots': 0, 'employee_time': 0.42333333333333334}",0.04017189027022123,30.213464975357056
10,"{'makespan': 32, 'workstations': 1, 'employees': 1, 'robots': 1, 'employee_time': 4}","{'makespan': 0.37706666666666666, 'workstations': None, 'employees': None, 'robots': None, 'employee_time': 0.31206666666666666}","{'makespan': 0.41, 'workstations': 7, 'employees': 1, 'robots': 0, 'employee_time': 0.22444444444444445}",0.35098166796581837,30.188430309295654
11,"{'makespan': 16, 'workstations': 1, 'employees': 1, 'robots': 1, 'employee_time': 1}","{'makespan': 0.4045111111111111, 'workstations': None, 'employees': None, 'robots': None, 'employee_time': None}","{'makespan': 0.41, 'workstations': 7, 'employees': 1, 'robots': 0, 'employee_time': 0.22444444444444445}",0.35098166796581837,0.0
11,"{'makespan': 32, 'workstations': 1, 'employees': 1, 'robots': 1, 'employee_time': 1}","{'makespan': 0.4045111111111111, 'workstations': None, 'employees': None, 'robots': None, 'employee_time': None}","{'makespan': 0.30666666666666664, 'workstations': 8, 'employees': 2, 'robots': 0, 'employee_time': 0.45222222222222225}",0.01460586833279338,30.184443950653076
12,"{'makespan': 32, 'workstations': 1, 'employees': 1, 'robots': 1, 'employee_time': 1}","{'makespan': 0.3063444444444444, 'workstations': None, 'employees': 1.9499, 'robots': None, 'employee_time': None}","{'makespan': 0.30666666666666664, 'workstations': 8, 'employees': 2, 'robots': 0, 'employee_time': 0.45222222222222225}",0.01460586833279338,0.0
12,"{'makespan': 64, 'workstations': 1, 'employees': 2, 'robots': 1, 'employee_time': 1}","{'makespan': 0.3063444444444444, 'workstations': None, 'employees': 1.9499, 'robots': None, 'employee_time': None}","{'makespan': 0.30666666666666664, 'workstations': 8, 'employees': 2, 'robots': 0, 'employee_time': 0.45222222222222225}",0.01460586833279338,30.253774642944336
12,"{'makespan': 128, 'workstations': 1, 'employees': 4, 'robots': 1, 'employee_time': 1}","{'makespan': 0.3063444444444444, 'workstations': None, 'employees': 1.9499, 'robots': None, 'employee_time': None}","{'makespan': 0.30666666666666664, 'workstations': 8, 'employees': 2, 'robots': 0, 'employee_time': 0.45222222222222225}",0.01460586833279338,30.18716025352478
13,"{'makespan': 32, 'workstations': 1, 'employees': 1, 'robots': 1, 'employee_time': 1}","{'makespan': 0.3063444444444444, 'workstations': None, 'employees': 1.9499, 'robots': None, 'employee_time': None}","{'makespan': 0.30666666666666664, 'workstations': 8, 'employees': 2, 'robots': 0, 'employee_time': 0.45222222222222225}",0.01460586833279338,0.0
13,"{'makespan': 64, 'workstations': 1, 'employees': 2, 'robots': 1, 'employee_time': 1}","{'makespan': 0.3063444444444444, 'workstations': None, 'employees': 1.9499, 'robots': None, 'employee_time': None}","{'makespan': 0.30666666666666664, 'workstations': 8, 'employees': 2, 'robots': 0, 'employee_time': 0.45222222222222225}",0.01460586833279338,30.25009274482727
13,"{'makespan': 128, 'workstations': 1, 'employees': 4, 'robots': 1, 'employee_time': 1}","{'makespan': 0.3063444444444444, 'workstations': None, 'employees': 1.9499, 'robots': None, 'employee_time': None}","{'makespan': 0.30666666666666664, 'workstations': 8, 'employees': 2, 'robots': 0, 'employee_time': 0.45222222222222225}",0.01460586833279338,30.205652475357056
14,"{'makespan': 32, 'workstations': 1, 'employees': 1, 'robots': 1, 'employee_time': 1}","{'makespan': 0.3063444444444444, 'workstations': None, 'employees': 1.9499, 'robots': None, 'employee_time': None}","{'makespan': 0.30666666666666664, 'workstations': 8, 'employees': 2, 'robots': 0, 'employee_time': 0.45222222222222225}",0.01460586833279338,0.0
14,"{'makespan': 64, 'workstations': 1, 'employees': 2, 'robots': 1, 'employee_time': 1}","{'makespan': 0.3063444444444444, 'workstations': None, 'employees': 1.9499, 'robots': None, 'employee_time': None}","{'makespan': 0.30666666666666664, 'workstations': 8, 'employees': 2, 'robots': 0, 'employee_time': 0.45222222222222225}",0.01460586833279338,30.179380416870117
14,"{'makespan': 128, 'workstations': 1, 'employees': 4, 'robots': 1, 'employee_time': 1}","{'makespan': 0.3063444444444444, 'workstations': None, 'employees': 1.9499, 'robots': None, 'employee_time': None}","{'makespan': 0.30666666666666664, 'workstations': 8, 'employees': 2, 'robots': 0, 'employee_time': 0.45222222222222225}",0.01460586833279338,30.31493902206421
15,"{'makespan': 32, 'workstations': 1, 'employees': 1, 'robots': 1, 'employee_time': 1}","{'makespan': 0.3063444444444444, 'workstations': None, 'employees': 1.9499, 'robots': None, 'employee_time': 0.4324}","{'makespan': 0.30666666666666664, 'workstations': 8, 'employees': 2, 'robots': 0, 'employee_time': 0.45222222222222225}",0.01460586833279338,0.0
15,"{'makespan': 64, 'workstations': 1, 'employees': 2, 'robots': 1, 'employee_time': 2}","{'makespan': 0.3063444444444444, 'workstations': None, 'employees': 1.9499, 'robots': None, 'employee_time': 0.4324}","{'makespan': 0.30666666666666664, 'workstations': 8, 'employees': 2, 'robots': 0, 'employee_time': 0.45222222222222225}",0.01460586833279338,30.223888397216797
15,"{'makespan': 128, 'workstations': 1, 'employees': 4, 'robots': 1, 'employee_time': 4}","{'makespan': 0.3063444444444444, 'workstations': None, 'employees': 1.9499, 'robots': None, 'employee_time': 0.4324}","{'makespan': 0.3022222222222222, 'workstations': 8, 'employees': 2, 'robots': 1, 'employee_time': 0.41888888888888887}",-2.2278961974126892e-13,30.19984459877014
16,"{'makespan': 32, 'workstations': 1, 'employees': 1, 'robots': 1, 'employee_time': 1}","{'makespan': None, 'workstations': None, 'employees': 1.9499, 'robots': None, 'employee_time': None}","{'makespan': 0.3022222222222222, 'workstations': 8, 'employees': 2, 'robots': 1, 'employee_time': 0.41888888888888887}",-2.2278961974126892e-13,0.0
16,"{'makespan': 32, 'workstations': 1, 'employees': 2, 'robots': 1, 'employee_time': 1}","{'makespan': None, 'workstations': None, 'employees': 1.9499, 'robots': None, 'employee_time': None}","{'makespan': 0.3688888888888889, 'workstations': 8, 'employees': 1, 'robots': 0, 'employee_time': 0.3333333333333333}",0.21584698386918802,30.19328284263611
17,"{'makespan': 32, 'workstations': 1, 'employees': 2, 'robots': 1, 'employee_time': 1}","{'makespan': 0.36545555555555553, 'workstations': None, 'employees': None, 'robots': None, 'employee_time': None}","{'makespan': 0.3688888888888889, 'workstations': 8, 'employees': 1, 'robots': 0, 'employee_time': 0.3333333333333333}",0.21584698386918802,0.0
17,"{'makespan': 64, 'workstations': 1, 'employees': 2, 'robots': 1, 'employee_time': 1}","{'makespan': 0.36545555555555553, 'workstations': None, 'employees': None, 'robots': None, 'employee_time': None}","{'makespan': 0.30666666666666664, 'workstations': 8, 'employees': 2, 'robots': 0, 'employee_time': 0.45222222222222225}",0.01460586833279338,30.179739952087402
18,"{'makespan': 64, 'workstations': 1, 'employees': 2, 'robots': 1, 'employee_time': 1}","{'makespan': 0.3063444444444444, 'workstations': 7.7499, 'employees': 1.9499, 'robots': None, 'employee_time': None}","{'makespan': 0.30666666666666664, 'workstations': 8, 'employees': 2, 'robots': 0, 'employee_time': 0.45222222222222225}",0.01460586833279338,0.0
18,"{'makespan': 128, 'workstations': 2, 'employees': 4, 'robots': 1, 'employee_time': 1}","{'makespan': 0.3063444444444444, 'workstations': 7.7499, 'employees': 1.9499, 'robots': None, 'employee_time': None}","{'makespan': 0.30666666666666664, 'workstations': 8, 'employees': 2, 'robots': 0, 'employee_time': 0.45222222222222225}",0.01460586833279338,30.29631495475769
18,"{'makespan': 256, 'workstations': 4, 'employees': 8, 'robots': 1, 'employee_time': 1}","{'makespan': 0.3063444444444444, 'workstations': 7.7499, 'employees': 1.9499, 'robots': None, 'employee_time': None}","{'makespan': 0.3022222222222222, 'workstations': 8, 'employees': 2, 'robots': 1, 'employee_time': 0.41888888888888887}",-2.2278961974126892e-13,30.220628023147583
19,"{'makespan': 64, 'workstations': 1, 'employees': 2, 'robots': 1, 'employee_time': 1}","{'makespan': None, 'workstations': None, 'employees': 1.9499, 'robots': 0.9499, 'employee_time': None}","{'makespan': 0.3022222222222222, 'workstations': 8, 'employees': 2, 'robots': 1, 'employee_time': 0.41888888888888887}",-2.2278961974126892e-13,0.0
19,"{'makespan': 64, 'workstations': 1, 'employees': 4, 'robots': 2, 'employee_time': 1}","{'makespan': None, 'workstations': None, 'employees': 1.9499, 'robots': 0.9499, 'employee_time': None}","{'makespan': 0.3688888888888889, 'workstations': 8, 'employees': 1, 'robots': 0, 'employee_time': 0.3333333333333333}",0.21584698386918802,30.268080472946167
20,"{'makespan': 64, 'workstations': 1, 'employees': 4, 'robots': 2, 'employee_time': 1}","{'makespan': 0.36545555555555553, 'workstations': None, 'employees': None, 'robots': None, 'employee_time': None}","{'makespan': 0.3688888888888889, 'workstations': 8, 'employees': 1, 'robots': 0, 'employee_time': 0.3333333333333333}",0.21584698386918802,0.0
20,"{'makespan': 128, 'workstations': 1, 'employees': 4, 'robots': 2, 'employee_time': 1}","{'makespan': 0.36545555555555553, 'workstations': None, 'employees': None, 'robots': None, 'employee_time': None}","{'makespan': 0.30666666666666664, 'workstations': 8, 'employees': 2, 'robots': 0, 'employee_time': 0.45222222222222225}",0.01460586833279338,25.463932991027832
21,"{'makespan': 128, 'workstations': 1, 'employees': 4, 'robots': 2, 'employee_time': 1}","{'makespan': 0.3063444444444444, 'workstations': None, 'employees': 1.9499, 'robots': None, 'employee_time': None}","{'makespan': 0.30666666666666664, 'workstations': 8, 'employees': 2, 'robots': 0, 'employee_time': 0.45222222222222225}",0.01460586833279338,0.0
21,"{'makespan': 256, 'workstations': 1, 'employees': 8, 'robots': 2, 'employee_time': 1}","{'makespan': 0.3063444444444444, 'workstations': None, 'employees': 1.9499, 'robots': None, 'employee_time': None}","{'makespan': 0.3055555555555556, 'workstations': 9, 'employees': 2, 'robots': 0, 'employee_time': 0.43777777777777777}",0.010953582771588501,27.65868377685547
21,"{'makespan': 256, 'workstations': 1, 'employees': 16, 'robots': 2, 'employee_time': 1}","{'makespan': 0.3063444444444444, 'workstations': None, 'employees': 1.9499, 'robots': None, 'employee_time': None}","{'makespan': 0.3688888888888889, 'workstations': 8, 'employees': 1, 'robots': 0, 'employee_time': 0.3333333333333333}",0.21584698386918802,30.255802392959595
21,"{'makespan': 512, 'workstations': 1, 'employees': 16, 'robots': 2, 'employee_time': 1}","{'makespan': 0.3063444444444444, 'workstations': None, 'employees': 1.9499, 'robots': None, 'employee_time': None}","{'makespan': 0.3022222222222222, 'workstations': 8, 'employees': 2, 'robots': 1, 'employee_time': 0.41888888888888887}",-2.2278961974126892e-13,17.984344244003296
22,"{'makespan': 128, 'workstations': 1, 'employees': 4, 'robots': 2, 'employee_time': 1}","{'makespan': None, 'workstations': None, 'employees': 1.9499, 'robots': None, 'employee_time': None}","{'makespan': 0.3022222222222222, 'workstations': 8, 'employees': 2, 'robots': 1, 'employee_time': 0.41888888888888887}",-2.2278961974126892e-13,0.0
22,"{'makespan': 128, 'workstations': 1, 'employees': 8, 'robots': 2, 'employee_time': 1}","{'makespan': None, 'workstations': None, 'employees': 1.9499, 'robots': None, 'employee_time': None}","{'makespan': 0.3688888888888889, 'workstations': 8, 'employees': 1, 'robots': 0, 'employee_time': 0.3333333333333333}",0.21584698386918802,30.18155550956726
23,"{'makespan': 128, 'workstations': 1, 'employees': 8, 'robots': 2, 'employee_time': 1}","{'makespan': 0.36545555555555553, 'workstations': None, 'employees': None, 'robots': None, 'employee_time': None}","{'makespan': 0.3688888888888889, 'workstations': 8, 'employees': 1, 'robots': 0, 'employee_time': 0.3333333333333333}",0.21584698386918802,0.0
23,"{'makespan': 256, 'workstations': 1, 'employees': 8, 'robots': 2, 'employee_time': 1}","{'makespan': 0.36545555555555553, 'workstations': None, 'employees': None, 'robots': None, 'employee_time': None}","{'makespan': 0.3055555555555556, 'workstations': 9, 'employees': 2, 'robots': 0, 'employee_time': 0.43777777777777777}",0.010953582771588501,22.051615953445435
24,"{'makespan': 256, 'workstations': 1, 'employees': 8, 'robots': 2, 'employee_time': 1}","{'makespan': 0.30528888888888894, 'workstations': None, 'employees': 1.9499, 'robots': None, 'employee_time': None}","{'makespan': 0.3055555555555556, 'workstations': 9, 'employees': 2, 'robots': 0, 'employee_time': 0.43777777777777777}",0.010953582771588501,0.0
24,"{'makespan': 512, 'workstations': 1, 'employees': 16, 'robots': 2, 'employee_time': 1}","{'makespan': 0.30528888888888894, 'workstations': None, 'employees': 1.9499, 'robots': None, 'employee_time': None}","{'makespan': 0.3022222222222222, 'workstations': 8, 'employees': 2, 'robots': 1, 'employee_time': 0.41888888888888887}",-2.2278961974126892e-13,18.52599549293518
24,"{'makespan': 512, 'workstations': 1, 'employees': 32, 'robots': 2, 'employee_time': 1}","{'makespan': 0.30528888888888894, 'workstations': None, 'employees': 1.9499, 'robots': None, 'employee_time': None}","{'makespan': 0.3688888888888889, 'workstations': 8, 'employees': 1, 'robots': 0, 'employee_time': 0.3333333333333333}",0.21584698386918802,30.19144868850708
24,"{'makespan': 1024, 'workstations': 1, 'employees': 32, 'robots': 2, 'employee_time': 1}","{'makespan': 0.30528888888888894, 'workstations': None, 'employees': 1.9499, 'robots': None, 'employee_time': None}","{'makespan': 0.3022222222222222, 'workstations': 8, 'employees': 2, 'robots': 1, 'employee_time': 0.41888888888888887}",-2.2278961974126892e-13,16.230793952941895
25,"{'makespan': 256, 'workstations': 1, 'employees': 8, 'robots': 2, 'employee_time': 1}","{'makespan': None, 'workstations': None, 'employees': 1.9499, 'robots': None, 'employee_time': None}","{'makespan': 0.3022222222222222, 'workstations': 8, 'employees': 2, 'robots': 1, 'employee_time': 0.41888888888888887}",-2.2278961974126892e-13,0.0
25,"{'makespan': 256, 'workstations': 1, 'employees': 16, 'robots': 2, 'employee_time': 1}","{'makespan': None, 'workstations': None, 'employees': 1.9499, 'robots': None, 'employee_time': None}","{'makespan': 0.3688888888888889, 'workstations': 8, 'employees': 1, 'robots': 0, 'employee_time': 0.3333333333333333}",0.21584698386918802,30.173282861709595
26,"{'makespan': 256, 'workstations': 1, 'employees': 16, 'robots': 2, 'employee_time': 1}","{'makespan': 0.36545555555555553, 'workstations': None, 'employees': None, 'robots': None, 'employee_time': None}","{'makespan': 0.3688888888888889, 'workstations': 8, 'employees': 1, 'robots': 0, 'employee_time': 0.3333333333333333}",0.21584698386918802,0.0
26,"{'makespan': 512, 'workstations': 1, 'employees': 16, 'robots': 2, 'employee_time': 1}","{'makespan': 0.36545555555555553, 'workstations': None, 'employees': None, 'robots': None, 'employee_time': None}","{'makespan': 0.3022222222222222, 'workstations': 8, 'employees': 2, 'robots': 1, 'employee_time': 0.41888888888888887}",-2.2278961974126892e-13,21.459452629089355
27,"{'makespan': 512, 'workstations': 1, 'employees': 16, 'robots': 2, 'employee_time': 1}","{'makespan': None, 'workstations': None, 'employees': 1.9499, 'robots': 0.9499, 'employee_time': None}","{'makespan': 0.3022222222222222, 'workstations': 8, 'employees': 2, 'robots': 1, 'employee_time': 0.41888888888888887}",-2.2278961974126892e-13,0.0
27,"{'makespan': 512, 'workstations': 1, 'employees': 32, 'robots': 4, 'employee_time': 1}","{'makespan': None, 'workstations': None, 'employees': 1.9499, 'robots': 0.9499, 'employee_time': None}","{'makespan': 0.3688888888888889, 'workstations': 8, 'employees': 1, 'robots': 0, 'employee_time': 0.3333333333333333}",0.21584698386918802,18.97562885284424
28,"{'makespan': 512, 'workstations': 1, 'employees': 32, 'robots': 4, 'employee_time': 1}","{'makespan': 0.36545555555555553, 'workstations': None, 'employees': None, 'robots': None, 'employee_time': None}","{'makespan': 0.3688888888888889, 'workstations': 8, 'employees': 1, 'robots': 0, 'employee_time': 0.3333333333333333}",0.21584698386918802,0.0
28,"{'makespan': 1024, 'workstations': 1, 'employees': 32, 'robots': 4, 'employee_time': 1}","{'makespan': 0.36545555555555553, 'workstations': None, 'employees': None, 'robots': None, 'employee_time': None}","{'makespan': 0.3022222222222222, 'workstations': 8, 'employees': 2, 'robots': 1, 'employee_time': 0.41888888888888887}",-2.2278961974126892e-13,15.83864164352417
29,"{'makespan': 1024, 'workstations': 1, 'employees': 32, 'robots': 4, 'employee_time': 1}","{'makespan': None, 'workstations': None, 'employees': 1.9499, 'robots': None, 'employee_time': 0.40073333333333333}","{'makespan': 0.3022222222222222, 'workstations': 8, 'employees': 2, 'robots': 1, 'employee_time': 0.41888888888888887}",-2.2278961974126892e-13,0.0
29,"{'makespan': 1024, 'workstations': 1, 'employees': 64, 'robots': 4, 'employee_time': 2}","{'makespan': None, 'workstations': None, 'employees': 1.9499, 'robots': None, 'employee_time': 0.40073333333333333}","{'makespan': 0.3688888888888889, 'workstations': 8, 'employees': 1, 'robots': 0, 'employee_time': 0.3333333333333333}",0.21584698386918802,16.373105764389038
30,"{'makespan': 1024, 'workstations': 1, 'employees': 64, 'robots': 4, 'employee_time': 2}","{'makespan': 0.36545555555555553, 'workstations': None, 'employees': None, 'robots': None, 'employee_time': None}","{'makespan': 0.3688888888888889, 'workstations': 8, 'employees': 1, 'robots': 0, 'employee_time': 0.3333333333333333}",0.21584698386918802,0.0
30,"{'makespan': 2048, 'workstations': 1, 'employees': 64, 'robots': 4, 'employee_time': 2}","{'makespan': 0.36545555555555553, 'workstations': None, 'employees': None, 'robots': None, 'employee_time': None}","{'makespan': 0.3022222222222222, 'workstations': 8, 'employees': 2, 'robots': 1, 'employee_time': 0.41888888888888887}",-2.2278961974126892e-13,13.960296392440796
31,"{'makespan': 2048, 'workstations': 1, 'employees': 64, 'robots': 4, 'employee_time': 2}","{'makespan': 0.30212222222222224, 'workstations': None, 'employees': 1.9499, 'robots': None, 'employee_time': None}","{'makespan': 0.3022222222222222, 'workstations': 8, 'employees': 2, 'robots': 1, 'employee_time': 0.41888888888888887}",-2.2278961974126892e-13,0.0
31,"{'makespan': 4096, 'workstations': 1, 'employees': 128, 'robots': 4, 'employee_time': 2}","{'makespan': 0.30212222222222224, 'workstations': None, 'employees': 1.9499, 'robots': None, 'employee_time': None}","{'makespan': 0.3022222222222222, 'workstations': 8, 'employees': 2, 'robots': 1, 'employee_time': 0.41888888888888887}",-2.2278961974126892e-13,12.802420139312744
31,"{'makespan': 8192, 'workstations': 1, 'employees': 256, 'robots': 4, 'employee_time': 2}","{'makespan': 0.30212222222222224, 'workstations': None, 'employees': 1.9499, 'robots': None, 'employee_time': None}","{'makespan': 0.3022222222222222, 'workstations': 8, 'employees': 2, 'robots': 1, 'employee_time': 0.41888888888888887}",-2.2278961974126892e-13,11.491140842437744
31,"{'makespan': 16384, 'workstations': 1, 'employees': 512, 'robots': 4, 'employee_time': 2}","{'makespan': 0.30212222222222224, 'workstations': None, 'employees': 1.9499, 'robots': None, 'employee_time': None}","{'makespan': 0.3022222222222222, 'workstations': 8, 'employees': 2, 'robots': 1, 'employee_time': 0.41888888888888887}",-2.2278961974126892e-13,13.996412515640259
31,"{'makespan': 32768, 'workstations': 1, 'employees': 1024, 'robots': 4, 'employee_time': 2}","{'makespan': 0.30212222222222224, 'workstations': None, 'employees': 1.9499, 'robots': None, 'employee_time': None}","{'makespan': 0.3022222222222222, 'workstations': 8, 'employees': 2, 'robots': 1, 'employee_time': 0.41888888888888887}",-2.2278961974126892e-13,11.153529405593872
31,"{'makespan': 65536, 'workstations': 1, 'employees': 2048, 'robots': 4, 'employee_time': 2}","{'makespan': 0.30212222222222224, 'workstations': None, 'employees': 1.9499, 'robots': None, 'employee_time': None}","{'makespan': 0.3022222222222222, 'workstations': 8, 'employees': 2, 'robots': 1, 'employee_time': 0.41888888888888887}",-2.2278961974126892e-13,10.625480651855469
32,"{'makespan': 2048, 'workstations': 1, 'employees': 64, 'robots': 4, 'employee_time': 2}","{'makespan': None, 'workstations': None, 'employees': 1.9499, 'robots': 0.9499, 'employee_time': None}","{'makespan': 0.3022222222222222, 'workstations': 8, 'employees': 2, 'robots': 1, 'employee_time': 0.41888888888888887}",-2.2278961974126892e-13,0.0
32,"{'makespan': 2048, 'workstations': 1, 'employees': 128, 'robots': 8, 'employee_time': 2}","{'makespan': None, 'workstations': None, 'employees': 1.9499, 'robots': 0.9499, 'employee_time': None}","{'makespan': 0.3688888888888889, 'workstations': 8, 'employees': 1, 'robots': 0, 'employee_time': 0.3333333333333333}",0.21584698386918802,14.09573221206665
33,"{'makespan': 2048, 'workstations': 1, 'employees': 128, 'robots': 8, 'employee_time': 2}","{'makespan': 0.36545555555555553, 'workstations': None, 'employees': None, 'robots': None, 'employee_time': None}","{'makespan': 0.3688888888888889, 'workstations': 8, 'employees': 1, 'robots': 0, 'employee_time': 0.3333333333333333}",0.21584698386918802,0.0
33,"{'makespan': 4096, 'workstations': 1, 'employees': 128, 'robots': 8, 'employee_time': 2}","{'makespan': 0.36545555555555553, 'workstations': None, 'employees': None, 'robots': None, 'employee_time': None}","{'makespan': 0.3022222222222222, 'workstations': 8, 'employees': 2, 'robots': 1, 'employee_time': 0.41888888888888887}",-2.2278961974126892e-13,14.81633973121643
34,"{'makespan': 4096, 'workstations': 1, 'employees': 128, 'robots': 8, 'employee_time': 2}","{'makespan': None, 'workstations': None, 'employees': 1.9499, 'robots': None, 'employee_time': 0.40073333333333333}","{'makespan': 0.3022222222222222, 'workstations': 8, 'employees': 2, 'robots': 1, 'employee_time': 0.41888888888888887}",-2.2278961974126892e-13,0.0
34,"{'makespan': 4096, 'workstations': 1, 'employees': 256, 'robots': 8, 'employee_time': 4}","{'makespan': None, 'workstations': None, 'employees': 1.9499, 'robots': None, 'employee_time': 0.40073333333333333}","{'makespan': 0.3688888888888889, 'workstations': 8, 'employees': 1, 'robots': 0, 'employee_time': 0.3333333333333333}",0.21584698386918802,30.220553636550903
35,"{'makespan': 4096, 'workstations': 1, 'employees': 256, 'robots': 8, 'employee_time': 4}","{'makespan': 0.36545555555555553, 'workstations': None, 'employees': None, 'robots': None, 'employee_time': None}","{'makespan': 0.3688888888888889, 'workstations': 8, 'employees': 1, 'robots': 0, 'employee_time': 0.3333333333333333}",0.21584698386918802,0.0
35,"{'makespan': 8192, 'workstations': 1, 'employees': 256, 'robots': 8, 'employee_time': 4}","{'makespan': 0.36545555555555553, 'workstations': None, 'employees': None, 'robots': None, 'employee_time': None}","{'makespan': 0.3022222222222222, 'workstations': 8, 'employees': 2, 'robots': 1, 'employee_time': 0.41888888888888887}",-2.2278961974126892e-13,12.428617715835571
36,"{'makespan': 8192, 'workstations': 1, 'employees': 256, 'robots': 8, 'employee_time': 4}","{'makespan': None, 'workstations': None, 'employees': 1.9499, 'robots': 0.9499, 'employee_time': None}","{'makespan': 0.3022222222222222, 'workstations': 8, 'employees': 2, 'robots': 1, 'employee_time': 0.41888888888888887}",-2.2278961974126892e-13,0.0
36,"{'makespan': 8192, 'workstations': 1, 'employees': 512, 'robots': 16, 'employee_time': 4}","{'makespan': None, 'workstations': None, 'employees': 1.9499, 'robots': 0.9499, 'employee_time': None}","{'makespan': 0.3688888888888889, 'workstations': 8, 'employees': 1, 'robots': 0, 'employee_time': 0.3333333333333333}",0.21584698386918802,22.61737298965454
37,"{'makespan': 8192, 'workstations': 1, 'employees': 512, 'robots': 16, 'employee_time': 4}","{'makespan': 0.36545555555555553, 'workstations': None, 'employees': None, 'robots': None, 'employee_time': None}","{'makespan': 0.3688888888888889, 'workstations': 8, 'employees': 1, 'robots': 0, 'employee_time': 0.3333333333333333}",0.21584698386918802,0.0
37,"{'makespan': 16384, 'workstations': 1, 'employees': 512, 'robots': 16, 'employee_time': 4}","{'makespan': 0.36545555555555553, 'workstations': None, 'employees': None, 'robots': None, 'employee_time': None}","{'makespan': 0.3022222222222222, 'workstations': 8, 'employees': 2, 'robots': 1, 'employee_time': 0.41888888888888887}",-2.2278961974126892e-13,8.768150329589844
38,"{'makespan': 16384, 'workstations': 1, 'employees': 512, 'robots': 16, 'employee_time': 4}","{'makespan': None, 'workstations': None, 'employees': 1.9499, 'robots': 0.9499, 'employee_time': None}","{'makespan': 0.3022222222222222, 'workstations': 8, 'employees': 2, 'robots': 1, 'employee_time': 0.41888888888888887}",-2.2278961974126892e-13,0.0
38,"{'makespan': 16384, 'workstations': 1, 'employees': 1024, 'robots': 32, 'employee_time': 4}","{'makespan': None, 'workstations': None, 'employees': 1.9499, 'robots': 0.9499, 'employee_time': None}","{'makespan': 0.3688888888888889, 'workstations': 8, 'employees': 1, 'robots': 0, 'employee_time': 0.3333333333333333}",0.21584698386918802,14.137239217758179
39,"{'makespan': 16384, 'workstations': 1, 'employees': 1024, 'robots': 32, 'employee_time': 4}","{'makespan': 0.36545555555555553, 'workstations': None, 'employees': None, 'robots': None, 'employee_time': None}","{'makespan': 0.3688888888888889, 'workstations': 8, 'employees': 1, 'robots': 0, 'employee_time': 0.3333333333333333}",0.21584698386918802,0.0
39,"{'makespan': 32768, 'workstations': 1, 'employees': 1024, 'robots': 32, 'employee_time': 4}","{'makespan': 0.36545555555555553, 'workstations': None, 'employees': None, 'robots': None, 'employee_time': None}","{'makespan': 0.3022222222222222, 'workstations': 8, 'employees': 2, 'robots': 1, 'employee_time': 0.41888888888888887}",-2.2278961974126892e-13,11.52628207206726
40,"{'makespan': 32768, 'workstations': 1, 'employees': 1024, 'robots': 32, 'employee_time': 4}","{'makespan': None, 'workstations': None, 'employees': 1.9499, 'robots': 0.9499, 'employee_time': None}","{'makespan': 0.3022222222222222, 'workstations': 8, 'employees': 2, 'robots': 1, 'employee_time': 0.41888888888888887}",-2.2278961974126892e-13,0.0
40,"{'makespan': 32768, 'workstations': 1, 'employees': 2048, 'robots': 64, 'employee_time': 4}","{'makespan': None, 'workstations': None, 'employees': 1.9499, 'robots': 0.9499, 'employee_time': None}","{'makespan': 0.3688888888888889, 'workstations': 8, 'employees': 1, 'robots': 0, 'employee_time': 0.3333333333333333}",0.21584698386918802,28.838990449905396
41,"{'makespan': 32768, 'workstations': 1, 'employees': 2048, 'robots': 64, 'employee_time': 4}","{'makespan': 0.36545555555555553, 'workstations': None, 'employees': None, 'robots': None, 'employee_time': None}","{'makespan': 0.3688888888888889, 'workstations': 8, 'employees': 1, 'robots': 0, 'employee_time': 0.3333333333333333}",0.21584698386918802,0.0
41,"{'makespan': 65536, 'workstations': 1, 'employees': 2048, 'robots': 64, 'employee_time': 4}","{'makespan': 0.36545555555555553, 'workstations': None, 'employees': None, 'robots': None, 'employee_time': None}","{'makespan': 0.3022222222222222, 'workstations': 8, 'employees': 2, 'robots': 1, 'employee_time': 0.41888888888888887}",-2.2278961974126892e-13,12.845016956329346
42,"{'makespan': 65536, 'workstations': 1, 'employees': 2048, 'robots': 64, 'employee_time': 4}","{'makespan': None, 'workstations': None, 'employees': 1.9499, 'robots': None, 'employee_time': None}","{'makespan': 0.3022222222222222, 'workstations': 8, 'employees': 2, 'robots': 1, 'employee_time': 0.41888888888888887}",-2.2278961974126892e-13,0.0
42,"{'makespan': 65536, 'workstations': 1, 'employees': 4096, 'robots': 64, 'employee_time': 4}","{'makespan': None, 'workstations': None, 'employees': 1.9499, 'robots': None, 'employee_time': None}","{'makespan': 0.3688888888888889, 'workstations': 8, 'employees': 1, 'robots': 0, 'employee_time': 0.3333333333333333}",0.21584698386918802,12.510108947753906
43,"{'makespan': 65536, 'workstations': 1, 'employees': 4096, 'robots': 64, 'employee_time': 4}","{'makespan': 0.36545555555555553, 'workstations': None, 'employees': None, 'robots': None, 'employee_time': None}","{'makespan': 0.3688888888888889, 'workstations': 8, 'employees': 1, 'robots': 0, 'employee_time': 0.3333333333333333}",0.21584698386918802,0.0
43,"{'makespan': 131072, 'workstations': 1, 'employees': 4096, 'robots': 64, 'employee_time': 4}","{'makespan': 0.36545555555555553, 'workstations': None, 'employees': None, 'robots': None, 'employee_time': None}","{'makespan': 0.3022222222222222, 'workstations': 8, 'employees': 2, 'robots': 1, 'employee_time': 0.41888888888888887}",-2.2278961974126892e-13,10.313571214675903
44,"{'makespan': 131072, 'workstations': 1, 'employees': 4096, 'robots': 64, 'employee_time': 4}","{'makespan': None, 'workstations': None, 'employees': 1.9499, 'robots': None, 'employee_time': None}","{'makespan': 0.3022222222222222, 'workstations': 8, 'employees': 2, 'robots': 1, 'employee_time': 0.41888888888888887}",-2.2278961974126892e-13,0.0
44,"{'makespan': 131072, 'workstations': 1, 'employees': 8192, 'robots': 64, 'employee_time': 4}","{'makespan': None, 'workstations': None, 'employees': 1.9499, 'robots': None, 'employee_time': None}","{'makespan': 0.3688888888888889, 'workstations': 8, 'employees': 1, 'robots': 0, 'employee_time': 0.3333333333333333}",0.21584698386918802,30.332998275756836
45,"{'makespan': 131072, 'workstations': 1, 'employees': 8192, 'robots': 64, 'employee_time': 4}","{'makespan': 0.36545555555555553, 'workstations': None, 'employees': None, 'robots': None, 'employee_time': None}","{'makespan': 0.3688888888888889, 'workstations': 8, 'employees': 1, 'robots': 0, 'employee_time': 0.3333333333333333}",0.21584698386918802,0.0
45,"{'makespan': 262144, 'workstations': 1, 'employees': 8192, 'robots': 64, 'employee_time': 4}","{'makespan': 0.36545555555555553, 'workstations': None, 'employees': None, 'robots': None, 'employee_time': None}","{'makespan': 0.3022222222222222, 'workstations': 8, 'employees': 2, 'robots': 1, 'employee_time': 0.41888888888888887}",-2.2278961974126892e-13,8.840808391571045
46,"{'makespan': 262144, 'workstations': 1, 'employees': 8192, 'robots': 64, 'employee_time': 4}","{'makespan': None, 'workstations': None, 'employees': 1.9499, 'robots': 0.9499, 'employee_time': None}","{'makespan': 0.3022222222222222, 'workstations': 8, 'employees': 2, 'robots': 1, 'employee_time': 0.41888888888888887}",-2.2278961974126892e-13,0.0
46,"{'makespan': 262144, 'workstations': 1, 'employees': 16384, 'robots': 128, 'employee_time': 4}","{'makespan': None, 'workstations': None, 'employees': 1.9499, 'robots': 0.9499, 'employee_time': None}","{'makespan': 0.3688888888888889, 'workstations': 8, 'employees': 1, 'robots': 0, 'employee_time': 0.3333333333333333}",0.21584698386918802,14.285473823547363
47,"{'makespan': 262144, 'workstations': 1, 'employees': 16384, 'robots': 128, 'employee_time': 4}","{'makespan': 0.36545555555555553, 'workstations': None, 'employees': None, 'robots': None, 'employee_time': None}","{'makespan': 0.3688888888888889, 'workstations': 8, 'employees': 1, 'robots': 0, 'employee_time': 0.3333333333333333}",0.21584698386918802,0.0
47,"{'makespan': 524288, 'workstations': 1, 'employees': 16384, 'robots': 128, 'employee_time': 4}","{'makespan': 0.36545555555555553, 'workstations': None, 'employees': None, 'robots': None, 'employee_time': None}","{'makespan': 0.3022222222222222, 'workstations': 8, 'employees': 2, 'robots': 1, 'employee_time': 0.41888888888888887}",-2.2278961974126892e-13,12.980999231338501
48,"{'makespan': 524288, 'workstations': 1, 'employees': 16384, 'robots': 128, 'employee_time': 4}","{'makespan': None, 'workstations': None, 'employees': 1.9499, 'robots': 0.9499, 'employee_time': None}","{'makespan': 0.3022222222222222, 'workstations': 8, 'employees': 2, 'robots': 1, 'employee_time': 0.41888888888888887}",-2.2278961974126892e-13,0.0
48,"{'makespan': 524288, 'workstations': 1, 'employees': 32768, 'robots': 256, 'employee_time': 4}","{'makespan': None, 'workstations': None, 'employees': 1.9499, 'robots': 0.9499, 'employee_time': None}","{'makespan': 0.3688888888888889, 'workstations': 8, 'employees': 1, 'robots': 0, 'employee_time': 0.3333333333333333}",0.21584698386918802,17.369375228881836
49,"{'makespan': 524288, 'workstations': 1, 'employees': 32768, 'robots': 256, 'employee_time': 4}","{'makespan': 0.36545555555555553, 'workstations': 7.7499, 'employees': None, 'robots': None, 'employee_time': None}","{'makespan': 0.3688888888888889, 'workstations': 8, 'employees': 1, 'robots': 0, 'employee_time': 0.3333333333333333}",0.21584698386918802,0.0
49,"{'makespan': 1048576, 'workstations': 2, 'employees': 32768, 'robots': 256, 'employee_time': 4}","{'makespan': 0.36545555555555553, 'workstations': 7.7499, 'employees': None, 'robots': None, 'employee_time': None}","{'makespan': 0.3022222222222222, 'workstations': 8, 'employees': 2, 'robots': 1, 'employee_time': 0.41888888888888887}",-2.2278961974126892e-13,11.41830849647522
49,"{'makespan': 1048576, 'workstations': 4, 'employees': 32768, 'robots': 256, 'employee_time': 4}","{'makespan': 0.36545555555555553, 'workstations': 7.7499, 'employees': None, 'robots': None, 'employee_time': None}","{'makespan': 0.3022222222222222, 'workstations': 8, 'employees': 2, 'robots': 1, 'employee_time': 0.41888888888888887}",-2.2278961974126892e-13,10.462225437164307
49,"{'makespan': 1048576, 'workstations': 8, 'employees': 32768, 'robots': 256, 'employee_time': 4}","{'makespan': 0.36545555555555553, 'workstations': 7.7499, 'employees': None, 'robots': None, 'employee_time': None}","{'makespan': 0.3022222222222222, 'workstations': 8, 'employees': 2, 'robots': 1, 'employee_time': 0.41888888888888887}",-2.2278961974126892e-13,9.820136547088623
49,"{'makespan': 1048576, 'workstations': 16, 'employees': 32768, 'robots': 256, 'employee_time': 4}","{'makespan': 0.36545555555555553, 'workstations': 7.7499, 'employees': None, 'robots': None, 'employee_time': None}","{'makespan': 0.3022222222222222, 'workstations': 8, 'employees': 2, 'robots': 1, 'employee_time': 0.41888888888888887}",-2.2278961974126892e-13,8.690392971038818
49,"{'makespan': 1048576, 'workstations': 32, 'employees': 32768, 'robots': 256, 'employee_time': 4}","{'makespan': 0.36545555555555553, 'workstations': 7.7499, 'employees': None, 'robots': None, 'employee_time': None}","{'makespan': 0.3022222222222222, 'workstations': 8, 'employees': 2, 'robots': 1, 'employee_time': 0.41888888888888887}",-2.2278961974126892e-13,11.571917533874512
49,"{'makespan': 1048576, 'workstations': 64, 'employees': 32768, 'robots': 256, 'employee_time': 4}","{'makespan': 0.36545555555555553, 'workstations': 7.7499, 'employees': None, 'robots': None, 'employee_time': None}","{'makespan': 0.3022222222222222, 'workstations': 8, 'employees': 2, 'robots': 1, 'employee_time': 0.41888888888888887}",-2.2278961974126892e-13,10.527164697647095
50,"{'makespan': 524288, 'workstations': 1, 'employees': 32768, 'robots': 256, 'employee_time': 4}","{'makespan': None, 'workstations': 7.7499, 'employees': 1.9499, 'robots': None, 'employee_time': None}","{'makespan': 0.3022222222222222, 'workstations': 8, 'employees': 2, 'robots': 1, 'employee_time': 0.41888888888888887}",-2.2278961974126892e-13,0.0
50,"{'makespan': 524288, 'workstations': 2, 'employees': 65536, 'robots': 256, 'employee_time': 4}","{'makespan': None, 'workstations': 7.7499, 'employees': 1.9499, 'robots': None, 'employee_time': None}","{'makespan': 0.3688888888888889, 'workstations': 8, 'employees': 1, 'robots': 0, 'employee_time': 0.3333333333333333}",0.21584698386918802,14.462088108062744
50,"{'makespan': 524288, 'workstations': 4, 'employees': 65536, 'robots': 256, 'employee_time': 4}","{'makespan': None, 'workstations': 7.7499, 'employees': 1.9499, 'robots': None, 'employee_time': None}","{'makespan': 0.3688888888888889, 'workstations': 8, 'employees': 1, 'robots': 0, 'employee_time': 0.3333333333333333}",0.21584698386918802,26.942679166793823
50,"{'makespan': 524288, 'workstations': 8, 'employees': 65536, 'robots': 256, 'employee_time': 4}","{'makespan': None, 'workstations': 7.7499, 'employees': 1.9499, 'robots': None, 'employee_time': None}","{'makespan': 0.3688888888888889, 'workstations': 8, 'employees': 1, 'robots': 0, 'employee_time': 0.3333333333333333}",0.21584698386918802,9.351695775985718
50,"{'makespan': 524288, 'workstations': 16, 'employees': 65536, 'robots': 256, 'employee_time': 4}","{'makespan': None, 'workstations': 7.7499, 'employees': 1.9499, 'robots': None, 'employee_time': None}","{'makespan': 0.3688888888888889, 'workstations': 8, 'employees': 1, 'robots': 0, 'employee_time': 0.3333333333333333}",0.21584698386918802,7.085094690322876
50,"{'makespan': 524288, 'workstations': 32, 'employees': 65536, 'robots': 256, 'employee_time': 4}","{'makespan': None, 'workstations': 7.7499, 'employees': 1.9499, 'robots': None, 'employee_time': None}","{'makespan': 0.3688888888888889, 'workstations': 8, 'employees': 1, 'robots': 0, 'employee_time': 0.3333333333333333}",0.21584698386918802,7.109035015106201
51,"{'makespan': 524288, 'workstations': 1, 'employees': 32768, 'robots': 256, 'employee_time': 4}","{'makespan': 0.36545555555555553, 'workstations': None, 'employees': None, 'robots': None, 'employee_time': None}","{'makespan': 0.3688888888888889, 'workstations': 8, 'employees': 1, 'robots': 0, 'employee_time': 0.3333333333333333}",0.21584698386918802,0.0
51,"{'makespan': 1048576, 'workstations': 1, 'employees': 32768, 'robots': 256, 'employee_time': 4}","{'makespan': 0.36545555555555553, 'workstations': None, 'employees': None, 'robots': None, 'employee_time': None}","{'makespan': 0.3022222222222222, 'workstations': 8, 'employees': 2, 'robots': 1, 'employee_time': 0.41888888888888887}",-2.2278961974126892e-13,9.819755792617798
52,"{'makespan': 1048576, 'workstations': 1, 'employees': 32768, 'robots': 256, 'employee_time': 4}","{'makespan': 0.30212222222222224, 'workstations': None, 'employees': 1.9499, 'robots': None, 'employee_time': None}","{'makespan': 0.3022222222222222, 'workstations': 8, 'employees': 2, 'robots': 1, 'employee_time': 0.41888888888888887}",-2.2278961974126892e-13,0.0
52,"{'makespan': 2097152, 'workstations': 1, 'employees': 65536, 'robots': 256, 'employee_time': 4}","{'makespan': 0.30212222222222224, 'workstations': None, 'employees': 1.9499, 'robots': None, 'employee_time': None}","{'makespan': 0.3022222222222222, 'workstations': 8, 'employees': 2, 'robots': 1, 'employee_time': 0.41888888888888887}",-2.2278961974126892e-13,12.381662607192993
52,"{'makespan': 4194304, 'workstations': 1, 'employees': 131072, 'robots': 256, 'employee_time': 4}","{'makespan': 0.30212222222222224, 'workstations': None, 'employees': 1.9499, 'robots': None, 'employee_time': None}","{'makespan': 0.3022222222222222, 'workstations': 8, 'employees': 2, 'robots': 1, 'employee_time': 0.41888888888888887}",-2.2278961974126892e-13,10.416358947753906
52,"{'makespan': 8388608, 'workstations': 1, 'employees': 262144, 'robots': 256, 'employee_time': 4}","{'makespan': 0.30212222222222224, 'workstations': None, 'employees': 1.9499, 'robots': None, 'employee_time': None}","{'makespan': 0.3022222222222222, 'workstations': 8, 'employees': 2, 'robots': 1, 'employee_time': 0.41888888888888887}",-2.2278961974126892e-13,9.876751899719238
52,"{'makespan': 16777216, 'workstations': 1, 'employees': 524288, 'robots': 256, 'employee_time': 4}","{'makespan': 0.30212222222222224, 'workstations': None, 'employees': 1.9499, 'robots': None, 'employee_time': None}","{'makespan': 0.3022222222222222, 'workstations': 8, 'employees': 2, 'robots': 1, 'employee_time': 0.41888888888888887}",-2.2278961974126892e-13,11.746405124664307
52,"{'makespan': 33554432, 'workstations': 1, 'employees': 1048576, 'robots': 256, 'employee_time': 4}","{'makespan': 0.30212222222222224, 'workstations': None, 'employees': 1.9499, 'robots': None, 'employee_time': None}","{'makespan': 0.3022222222222222, 'workstations': 8, 'employees': 2, 'robots': 1, 'employee_time': 0.41888888888888887}",-2.2278961974126892e-13,10.935646295547485
52,"{'makespan': 67108864, 'workstations': 1, 'employees': 2097152, 'robots': 256, 'employee_time': 4}","{'makespan': 0.30212222222222224, 'workstations': None, 'employees': 1.9499, 'robots': None, 'employee_time': None}","{'makespan': 0.3022222222222222, 'workstations': 8, 'employees': 2, 'robots': 1, 'employee_time': 0.41888888888888887}",-2.2278961974126892e-13,15.89499807357788
53,"{'makespan': 1048576, 'workstations': 1, 'employees': 32768, 'robots': 256, 'employee_time': 4}","{'makespan': None, 'workstations': None, 'employees': 1.9499, 'robots': None, 'employee_time': None}","{'makespan': 0.3022222222222222, 'workstations': 8, 'employees': 2, 'robots': 1, 'employee_time': 0.41888888888888887}",-2.2278961974126892e-13,0.0
53,"{'makespan': 1048576, 'workstations': 1, 'employees': 65536, 'robots': 256, 'employee_time': 4}","{'makespan': None, 'workstations': None, 'employees': 1.9499, 'robots': None, 'employee_time': None}","{'makespan': 0.3688888888888889, 'workstations': 8, 'employees': 1, 'robots': 0, 'employee_time': 0.3333333333333333}",0.21584698386918802,19.89775538444519
54,"{'makespan': 1048576, 'workstations': 1, 'employees': 65536, 'robots': 256, 'employee_time': 4}","{'makespan': 0.36545555555555553, 'workstations': None, 'employees': None, 'robots': -0.0001, 'employee_time': 0.31945555555555555}","{'makespan': 0.3688888888888889, 'workstations': 8, 'employees': 1, 'robots': 0, 'employee_time': 0.3333333333333333}",0.21584698386918802,0.0
54,"{'makespan': 2097152, 'workstations': 1, 'employees': 65536, 'robots': 512, 'employee_time': 8}","{'makespan': 0.36545555555555553, 'workstations': None, 'employees': None, 'robots': -0.0001, 'employee_time': 0.31945555555555555}","{'makespan': 0.3022222222222222, 'workstations': 8, 'employees': 2, 'robots': 1, 'employee_time': 0.41888888888888887}",-2.2278961974126892e-13,10.202274322509766
54,"{'makespan': 2097152, 'workstations': 1, 'employees': 65536, 'robots': 1024, 'employee_time': 16}","{'makespan': 0.36545555555555553, 'workstations': None, 'employees': None, 'robots': -0.0001, 'employee_time': 0.31945555555555555}","{'makespan': 0.3022222222222222, 'workstations': 9, 'employees': 2, 'robots': 1, 'employee_time': 0.4077777777777778}",3.2868006508875454e-09,12.39975357055664
54,"{'makespan': 2097152, 'workstations': 1, 'employees': 65536, 'robots': 2048, 'employee_time': 32}","{'makespan': 0.36545555555555553, 'workstations': None, 'employees': None, 'robots': -0.0001, 'employee_time': 0.31945555555555555}","{'makespan': 0.3022222222222222, 'workstations': 9, 'employees': 2, 'robots': 1, 'employee_time': 0.4077777777777778}",3.2868006508875454e-09,9.232867002487183
54,"{'makespan': 2097152, 'workstations': 1, 'employees': 65536, 'robots': 4096, 'employee_time': 64}","{'makespan': 0.36545555555555553, 'workstations': None, 'employees': None, 'robots': -0.0001, 'employee_time': 0.31945555555555555}","{'makespan': 0.3022222222222222, 'workstations': 9, 'employees': 2, 'robots': 1, 'employee_time': 0.4077777777777778}",3.2868006508875454e-09,13.40268087387085
54,"{'makespan': 2097152, 'workstations': 1, 'employees': 65536, 'robots': 8192, 'employee_time': 128}","{'makespan': 0.36545555555555553, 'workstations': None, 'employees': None, 'robots': -0.0001, 'employee_time': 0.31945555555555555}","{'makespan': 0.3022222222222222, 'workstations': 9, 'employees': 2, 'robots': 1, 'employee_time': 0.4077777777777778}",3.2868006508875454e-09,11.441786527633667
54,"{'makespan': 2097152, 'workstations': 1, 'employees': 65536, 'robots': 16384, 'employee_time': 256}","{'makespan': 0.36545555555555553, 'workstations': None, 'employees': None, 'robots': -0.0001, 'employee_time': 0.31945555555555555}","{'makespan': 0.3055555555555556, 'workstations': 10, 'employees': 2, 'robots': 0, 'employee_time': 0.43444444444444447}",0.010953586058637508,13.893307447433472
55,"{'makespan': 1048576, 'workstations': 1, 'employees': 65536, 'robots': 256, 'employee_time': 4}","{'makespan': 0.30528888888888894, 'workstations': None, 'employees': 1.9499, 'robots': None, 'employee_time': None}","{'makespan': 0.3055555555555556, 'workstations': 10, 'employees': 2, 'robots': 0, 'employee_time': 0.43444444444444447}",0.010953586058637508,0.0
55,"{'makespan': 2097152, 'workstations': 1, 'employees': 131072, 'robots': 256, 'employee_time': 4}","{'makespan': 0.30528888888888894, 'workstations': None, 'employees': 1.9499, 'robots': None, 'employee_time': None}","{'makespan': 0.3688888888888889, 'workstations': 8, 'employees': 1, 'robots': 0, 'employee_time': 0.3333333333333333}",0.21584698386918802,21.632816553115845
55,"{'makespan': 4194304, 'workstations': 1, 'employees': 131072, 'robots': 256, 'employee_time': 4}","{'makespan': 0.30528888888888894, 'workstations': None, 'employees': 1.9499, 'robots': None, 'employee_time': None}","{'makespan': 0.3022222222222222, 'workstations': 8, 'employees': 2, 'robots': 1, 'employee_time': 0.41888888888888887}",-2.2278961974126892e-13,14.897853374481201
55,"{'makespan': 4194304, 'workstations': 1, 'employees': 262144, 'robots': 256, 'employee_time': 4}","{'makespan': 0.30528888888888894, 'workstations': None, 'employees': 1.9499, 'robots': None, 'employee_time': None}","{'makespan': 0.3688888888888889, 'workstations': 8, 'employees': 1, 'robots': 0, 'employee_time': 0.3333333333333333}",0.21584698386918802,15.603293180465698
55,"{'makespan': 8388608, 'workstations': 1, 'employees': 262144, 'robots': 256, 'employee_time': 4}","{'makespan': 0.30528888888888894, 'workstations': None, 'employees': 1.9499, 'robots': None, 'employee_time': None}","{'makespan': 0.3022222222222222, 'workstations': 8, 'employees': 2, 'robots': 1, 'employee_time': 0.41888888888888887}",-2.2278961974126892e-13,11.09669542312622
56,"{'makespan': 1048576, 'workstations': 1, 'employees': 65536, 'robots': 256, 'employee_time': 4}","{'makespan': None, 'workstations': None, 'employees': 1.9499, 'robots': None, 'employee_time': None}","{'makespan': 0.3022222222222222, 'workstations': 8, 'employees': 2, 'robots': 1, 'employee_time': 0.41888888888888887}",-2.2278961974126892e-13,0.0
56,"{'makespan': 1048576, 'workstations': 1, 'employees': 131072, 'robots': 256, 'employee_time': 4}","{'makespan': None, 'workstations': None, 'employees': 1.9499, 'robots': None, 'employee_time': None}","{'makespan': 0.3688888888888889, 'workstations': 8, 'employees': 1, 'robots': 0, 'employee_time': 0.3333333333333333}",0.21584698386918802,10.352060556411743
57,"{'makespan': 1048576, 'workstations': 1, 'employees': 131072, 'robots': 256, 'employee_time': 4}","{'makespan': 0.36545555555555553, 'workstations': None, 'employees': None, 'robots': -0.0001, 'employee_time': None}","{'makespan': 0.3688888888888889, 'workstations': 8, 'employees': 1, 'robots': 0, 'employee_time': 0.3333333333333333}",0.21584698386918802,0.0
57,"{'makespan': 2097152, 'workstations': 1, 'employees': 131072, 'robots': 512, 'employee_time': 4}","{'makespan': 0.36545555555555553, 'workstations': None, 'employees': None, 'robots': -0.0001, 'employee_time': None}","{'makespan': 0.3688888888888889, 'workstations': 8, 'employees': 1, 'robots': 0, 'employee_time': 0.3333333333333333}",0.21584698386918802,20.693002462387085
57,"{'makespan': 4194304, 'workstations': 1, 'employees': 131072, 'robots': 1024, 'employee_time': 4}","{'makespan': 0.36545555555555553, 'workstations': None, 'employees': None, 'robots': -0.0001, 'employee_time': None}","{'makespan': 0.3022222222222222, 'workstations': 8, 'employees': 2, 'robots': 1, 'employee_time': 0.41888888888888887}",-2.2278961974126892e-13,10.55624008178711
57,"{'makespan': 4194304, 'workstations': 1, 'employees': 131072, 'robots': 2048, 'employee_time': 4}","{'makespan': 0.36545555555555553, 'workstations': None, 'employees': None, 'robots': -0.0001, 'employee_time': None}","{'makespan': 0.3022222222222222, 'workstations': 8, 'employees': 2, 'robots': 1, 'employee_time': 0.41888888888888887}",-2.2278961974126892e-13,13.061595678329468
57,"{'makespan': 4194304, 'workstations': 1, 'employees': 131072, 'robots': 4096, 'employee_time': 4}","{'makespan': 0.36545555555555553, 'workstations': None, 'employees': None, 'robots': -0.0001, 'employee_time': None}","{'makespan': 0.3022222222222222, 'workstations': 8, 'employees': 2, 'robots': 1, 'employee_time': 0.41888888888888887}",-2.2278961974126892e-13,9.377990007400513
57,"{'makespan': 4194304, 'workstations': 1, 'employees': 131072, 'robots': 8192, 'employee_time': 4}","{'makespan': 0.36545555555555553, 'workstations': None, 'employees': None, 'robots': -0.0001, 'employee_time': None}","{'makespan': 0.3022222222222222, 'workstations': 8, 'employees': 2, 'robots': 1, 'employee_time': 0.41888888888888887}",-2.2278961974126892e-13,11.97359299659729
58,"{'makespan': 1048576, 'workstations': 1, 'employees': 131072, 'robots': 256, 'employee_time': 4}","{'makespan': None, 'workstations': None, 'employees': 1.9499, 'robots': None, 'employee_time': None}","{'makespan': 0.3022222222222222, 'workstations': 8, 'employees': 2, 'robots': 1, 'employee_time': 0.41888888888888887}",-2.2278961974126892e-13,0.0
58,"{'makespan': 1048576, 'workstations': 1, 'employees': 262144, 'robots': 256, 'employee_time': 4}","{'makespan': None, 'workstations': None, 'employees': 1.9499, 'robots': None, 'employee_time': None}","{'makespan': 0.3688888888888889, 'workstations': 8, 'employees': 1, 'robots': 0, 'employee_time': 0.3333333333333333}",0.21584698386918802,7.8766069412231445
59,"{'makespan': 1048576, 'workstations': 1, 'employees': 262144, 'robots': 256, 'employee_time': 4}","{'makespan': 0.36545555555555553, 'workstations': None, 'employees': None, 'robots': None, 'employee_time': None}","{'makespan': 0.3688888888888889, 'workstations': 8, 'employees': 1, 'robots': 0, 'employee_time': 0.3333333333333333}",0.21584698386918802,0.0
59,"{'makespan': 2097152, 'workstations': 1, 'employees': 262144, 'robots': 256, 'employee_time': 4}","{'makespan': 0.36545555555555553, 'workstations': None, 'employees': None, 'robots': None, 'employee_time': None}","{'makespan': 0.3688888888888889, 'workstations': 8, 'employees': 1, 'robots': 0, 'employee_time': 0.3333333333333333}",0.21584698386918802,9.417175054550171
59,"{'makespan': 4194304, 'workstations': 1, 'employees': 262144, 'robots': 256, 'employee_time': 4}","{'makespan': 0.36545555555555553, 'workstations': None, 'employees': None, 'robots': None, 'employee_time': None}","{'makespan': 0.3688888888888889, 'workstations': 8, 'employees': 1, 'robots': 0, 'employee_time': 0.3333333333333333}",0.21584698386918802,17.575610637664795
59,"{'makespan': 8388608, 'workstations': 1, 'employees': 262144, 'robots': 256, 'employee_time': 4}","{'makespan': 0.36545555555555553, 'workstations': None, 'employees': None, 'robots': None, 'employee_time': None}","{'makespan': 0.3022222222222222, 'workstations': 8, 'employees': 2, 'robots': 1, 'employee_time': 0.41888888888888887}",-2.2278961974126892e-13,11.045382976531982
60,"{'makespan': 8388608, 'workstations': 1, 'employees': 262144, 'robots': 256, 'employee_time': 4}","{'makespan': None, 'workstations': None, 'employees': 1.9499, 'robots': None, 'employee_time': None}","{'makespan': 0.3022222222222222, 'workstations': 8, 'employees': 2, 'robots': 1, 'employee_time': 0.41888888888888887}",-2.2278961974126892e-13,0.0
60,"{'makespan': 8388608, 'workstations': 1, 'employees': 524288, 'robots': 256, 'employee_time': 4}","{'makespan': None, 'workstations': None, 'employees': 1.9499, 'robots': None, 'employee_time': None}","{'makespan': 0.3688888888888889, 'workstations': 8, 'employees': 1, 'robots': 0, 'employee_time': 0.3333333333333333}",0.21584698386918802,19.219218254089355
